Time,ISP_IN_MB,LAN_OUT_MB,ISP_uptime,Delta_ISP_IN_MB,Delta_LAN_OUT_MB,Delta_Time_hr,Restart
2025-12-27 10:25:39,2217.24,3622.23,1631.31,2217.24,3622.23,,False
2025-12-27 11:00:02,2233.74,3738.78,1631.88,16.49,116.55,0.58,False
2025-12-27 12:00:01,2240.51,3745.31,1632.88,6.77,6.53,1.0,False
2025-12-27 13:00:02,2253.81,3760.69,1633.88,13.3,15.38,1.0,False
2025-12-27 14:00:02,2267.55,3803.12,1634.88,13.74,42.43,1.0,False
2025-12-27 15:00:01,2276.02,3819.13,1635.88,8.47,16.01,1.0,False
2025-12-27 16:00:02,2282.83,3827.94,1636.88,6.81,8.81,1.0,False
2025-12-27 17:00:02,2288.51,3840.69,1637.88,5.68,12.74,1.0,False
2025-12-27 18:00:02,2293.54,3855.19,1638.88,5.03,14.51,1.0,False
2025-12-27 19:00:01,2298.42,3862.9,1639.88,4.88,7.7,1.0,False
2025-12-27 20:00:02,2347.72,4052.46,1640.88,49.3,189.56,1.0,False
2025-12-27 21:00:02,2374.61,1192.6,1641.88,26.89,1236.14,1.0,False
2025-12-27 22:00:02,2399.26,3437.6,1642.88,24.65,2245.0,1.0,False
2025-12-27 23:00:02,2422.56,644.54,1643.88,23.3,1302.94,1.0,False
2025-12-28 00:00:02,2434.14,690.8,1644.88,11.58,46.26,1.0,False
2025-12-28 01:00:02,2439.06,696.07,1645.88,4.91,5.27,1.0,False
2025-12-28 02:00:01,2442.64,700.54,1646.88,3.58,4.46,1.0,False
2025-12-28 03:00:02,2447.08,714.32,1647.88,4.45,13.79,1.0,False
2025-12-28 04:00:02,2451.2,718.59,1648.88,4.12,4.27,1.0,False
2025-12-28 05:00:01,2454.05,721.09,1649.88,2.84,2.5,1.0,False
2025-12-28 06:00:01,2458.97,727.51,1650.88,4.93,6.41,1.0,False
2025-12-28 07:00:01,2502.24,737.06,1651.88,43.26,9.56,1.0,False
2025-12-28 08:00:02,2506.39,741.12,1652.88,4.15,4.06,1.0,False
2025-12-28 09:00:02,2515.04,762.02,1653.88,8.65,20.9,1.0,False
2025-12-28 10:00:02,2519.41,767.63,1654.88,4.38,5.62,1.0,False
2025-12-28 11:00:02,2523.96,772.66,1655.88,4.55,5.03,1.0,False
2025-12-28 12:00:02,2529.45,782.93,1656.88,5.49,10.27,1.0,False
2025-12-28 13:00:02,2536.1,792.15,1657.88,6.65,9.22,1.0,False
2025-12-28 14:00:01,2543.26,841.5,1658.88,7.16,49.34,1.0,False
2025-12-28 15:00:02,2586.97,910.24,1659.88,43.71,68.75,1.0,False
2025-12-28 16:00:03,2600.38,954.18,1660.88,13.41,43.93,1.0,False
2025-12-28 17:00:01,2605.98,959.57,1661.88,5.6,5.4,1.0,False
2025-12-28 18:00:02,2608.67,962.39,1662.88,2.69,2.81,1.0,False
2025-12-28 19:00:01,2611.65,964.92,1663.88,2.98,2.53,1.0,False
2025-12-28 20:00:02,2647.24,996.43,1664.88,35.58,31.51,1.0,False
2025-12-28 21:00:01,2673.13,1779.19,1665.88,25.89,782.76,1.0,False
2025-12-28 22:00:01,2691.07,2224.8,1666.88,17.94,445.61,1.0,False
2025-12-28 23:00:02,2753.71,2248.71,1667.88,62.64,23.92,1.0,False
2025-12-29 00:00:02,2759.36,2256.58,1668.88,5.65,7.87,1.0,False
2025-12-29 01:00:02,2764.6,2266.46,1669.88,5.24,9.87,1.0,False
2025-12-29 02:00:01,2772.65,2289.12,1670.88,8.05,22.66,1.0,False
2025-12-29 03:00:01,2784.25,2308.13,1671.88,11.6,19.01,1.0,False
2025-12-29 04:00:02,2789.98,2350.08,1672.88,5.73,41.96,1.0,False
2025-12-29 05:00:02,2796.18,2363.53,1673.88,6.21,13.45,1.0,False
2025-12-29 06:00:02,2801.26,2371.63,1674.88,5.07,8.1,1.0,False
2025-12-29 07:00:02,2847.6,2384.52,1675.88,46.34,12.89,1.0,False
2025-12-29 08:00:01,2853.14,2390.55,1676.88,5.55,6.03,1.0,False
2025-12-29 09:00:02,2867.46,2425.84,1677.88,14.32,35.29,1.0,False
2025-12-29 10:00:01,2887.56,2481.05,1678.88,20.1,55.22,1.0,False
2025-12-29 11:00:01,2900.67,2501.56,1679.88,13.11,20.5,1.0,False
2025-12-29 12:00:02,2908.02,2514.42,1680.88,7.35,12.87,1.0,False
2025-12-29 13:00:01,2911.52,2517.88,1681.88,3.5,3.46,1.0,False
2025-12-29 14:00:02,2914.53,2519.88,1682.88,3.01,2.0,1.0,False
2025-12-29 15:00:01,2916.64,2521.28,1683.88,2.11,1.4,1.0,False
2025-12-29 16:00:02,2920.25,2574.49,1684.88,3.61,53.21,1.0,False
2025-12-29 17:00:01,2954.76,3336.5,1685.88,34.51,762.01,1.0,False
2025-12-29 18:00:02,3012.21,3731.9,1686.88,57.45,395.4,1.0,False
2025-12-29 19:00:01,3071.61,4042.98,1687.88,59.4,311.08,1.0,False
2025-12-29 20:00:02,3154.32,438.51,1688.88,82.71,491.54,1.0,False
2025-12-29 21:00:02,3228.66,1115.27,1689.88,74.34,676.76,1.0,False
2025-12-29 22:00:02,3259.26,2575.79,1690.88,30.61,1460.52,1.0,False
2025-12-29 23:00:01,3295.99,2713.2,1691.88,36.72,137.42,1.0,False
2025-12-30 00:00:02,3300.92,2717.62,1692.88,4.93,4.42,1.0,False
2025-12-30 01:00:02,3307.2,2727.53,1693.88,6.28,9.91,1.0,False
2025-12-30 02:00:01,3312.94,2733.7,1694.88,5.75,6.17,1.0,False
2025-12-30 03:00:02,3317.46,2741.3,1695.88,4.52,7.6,1.0,False
2025-12-30 04:00:02,3321.34,2745.95,1696.88,3.88,4.65,1.0,False
2025-12-30 05:00:01,3326.52,2752.86,1697.88,5.18,6.91,1.0,False
2025-12-30 06:00:01,3331.31,2759.37,1698.88,4.8,6.51,1.0,False
2025-12-30 07:00:01,3370.15,2770.14,1699.88,38.84,10.78,1.0,False
2025-12-30 08:00:02,3375.44,2775.62,1700.88,5.28,5.47,1.0,False
2025-12-30 09:00:01,3400.82,223.83,1701.88,25.38,1544.21,1.0,False
2025-12-30 10:00:02,3435.34,1666.44,1702.88,34.52,1442.61,1.0,False
2025-12-30 11:00:01,3464.76,4017.07,1703.88,29.42,2350.63,1.0,False
2025-12-30 12:00:01,3494.83,577.56,1704.88,30.06,656.49,1.0,False
2025-12-30 13:00:02,3649.86,1435.96,1705.88,155.04,858.4,1.0,False
2025-12-30 14:00:02,3703.58,2052.55,1706.88,53.72,616.6,1.0,False
2025-12-30 15:00:01,3765.01,2418.66,1707.88,61.43,366.11,1.0,False
2025-12-30 16:00:02,3822.3,2718.58,1708.88,57.3,299.92,1.0,False
2025-12-30 17:00:02,3843.51,3011.27,1709.88,21.2,292.69,1.0,False
2025-12-30 18:00:01,3850.96,3017.3,1710.88,7.46,6.03,1.0,False
2025-12-30 19:00:02,3857.63,3022.03,1711.88,6.67,4.73,1.0,False
2025-12-30 20:00:01,3866.99,3075.74,1712.88,9.36,53.72,1.0,False
2025-12-30 21:00:02,3875.47,3144.6,1713.88,8.48,68.85,1.0,False
2025-12-30 22:00:02,3893.0,3185.23,1714.88,17.53,40.64,1.0,False
2025-12-30 23:00:01,3922.63,3673.05,1715.88,29.62,487.81,1.0,False
2025-12-31 00:00:02,3942.26,3924.24,1716.88,19.63,251.19,1.0,False
2025-12-31 01:00:01,3945.59,3930.33,1717.88,3.33,6.09,1.0,False
2025-12-31 02:00:02,3949.29,3934.44,1718.88,3.7,4.11,1.0,False
2025-12-31 03:00:02,3954.19,3947.25,1719.88,4.9,12.82,1.0,False
2025-12-31 04:00:02,3958.44,3955.87,1720.88,4.25,8.62,1.0,False
2025-12-31 05:00:02,3960.98,3959.34,1721.88,2.54,3.47,1.0,False
2025-12-31 06:00:02,3964.42,3966.66,1722.88,3.44,7.32,1.0,False
2025-12-31 07:00:02,3977.25,3973.74,1723.88,12.84,7.08,1.0,False
2025-12-31 08:00:01,4035.33,4006.79,1724.88,58.08,33.05,1.0,False
2025-12-31 09:00:02,4045.88,4031.42,1725.88,10.55,24.63,1.0,False
2025-12-31 10:00:01,4093.15,202.6,1726.88,47.27,267.17,1.0,False
2025-12-31 11:00:01,59.93,1061.47,1727.88,62.77,858.87,1.0,False
2025-12-31 12:00:02,125.34,1393.01,1728.88,65.41,331.54,1.0,False
2025-12-31 13:00:02,217.0,2102.77,1729.88,91.66,709.77,1.0,False
2025-12-31 14:00:01,232.72,2689.93,1730.88,15.71,587.16,1.0,False
2025-12-31 15:00:01,255.19,3591.48,1731.88,22.47,901.55,1.0,False
2025-12-31 16:00:02,274.19,1706.1,1732.88,19.0,2210.62,1.0,False
2025-12-31 17:00:02,293.09,1837.48,1733.88,18.89,131.38,1.0,False
2025-12-31 18:00:01,337.14,2067.7,1734.88,44.06,230.21,1.0,False
2025-12-31 19:00:02,398.13,2557.11,1735.88,60.99,489.42,1.0,False
2025-12-31 20:00:01,462.1,2965.34,1736.88,63.97,408.23,1.0,False
2025-12-31 21:00:02,525.16,18.44,1737.88,63.06,1149.09,1.0,False
2025-12-31 22:00:01,562.09,233.23,1738.88,36.92,214.79,1.0,False
2025-12-31 23:00:02,614.7,566.05,1739.88,52.61,332.82,1.0,False
2026-01-01 00:00:02,666.96,769.4,1740.88,52.26,203.35,1.0,False
2026-01-01 01:00:01,796.28,899.81,1741.88,129.32,130.4,1.0,False
2026-01-01 02:00:01,803.53,1043.82,1742.88,7.24,144.01,1.0,False
2026-01-01 03:00:02,806.94,1048.66,1743.88,3.42,4.84,1.0,False
2026-01-01 04:00:01,810.37,1052.79,1744.88,3.42,4.13,1.0,False
2026-01-01 05:00:02,813.3,1055.67,1745.88,2.93,2.87,1.0,False
2026-01-01 06:00:01,819.96,1065.54,1746.88,6.66,9.87,1.0,False
2026-01-01 07:00:02,824.27,1073.56,1747.88,4.31,8.02,1.0,False
2026-01-01 08:00:01,914.45,1079.84,1748.88,90.18,6.27,1.0,False
2026-01-01 09:00:02,918.3,1084.89,1749.88,3.85,5.06,1.0,False
2026-01-01 10:00:02,926.57,1114.97,1750.88,8.27,30.07,1.0,False
2026-01-01 11:00:02,977.82,1429.33,1751.88,51.25,314.37,1.0,False
2026-01-01 12:00:01,1086.34,2534.71,1752.88,108.51,1105.38,1.0,False
2026-01-01 13:00:02,1192.05,2963.91,1753.88,105.71,429.2,1.0,False
2026-01-01 14:00:01,1264.93,3386.55,1754.88,72.88,422.64,1.0,False
2026-01-01 15:00:02,1284.36,3447.61,1755.88,19.44,61.06,1.0,False
2026-01-01 16:00:02,1301.22,3895.1,1756.88,16.85,447.49,1.0,False
2026-01-01 17:00:02,1359.87,222.02,1757.88,58.65,422.91,1.0,False
2026-01-01 18:00:02,1454.6,660.24,1758.88,94.73,438.22,1.0,False
2026-01-01 19:00:01,1599.65,867.61,1759.88,145.05,207.37,1.0,False
2026-01-01 20:00:02,1671.41,1177.9,1760.88,71.76,310.29,1.0,False
2026-01-01 21:00:01,1699.1,1517.42,1761.88,27.68,339.52,1.0,False
2026-01-01 22:00:02,1707.71,1591.85,1762.88,8.62,74.43,1.0,False
2026-01-01 23:00:01,1756.5,1632.27,1763.88,48.78,40.42,1.0,False
2026-01-02 00:00:02,1776.83,1662.9,1764.88,20.33,30.63,1.0,False
2026-01-02 01:00:01,1815.52,1669.72,1765.88,38.69,6.82,1.0,False
2026-01-02 02:00:02,1820.75,1674.59,1766.88,5.23,4.88,1.0,False
2026-01-02 03:00:02,1828.19,1688.46,1767.88,7.43,13.87,1.0,False
2026-01-02 04:00:02,1833.22,1695.23,1768.88,5.03,6.77,1.0,False
2026-01-02 05:00:01,1838.21,1699.41,1769.88,5.0,4.18,1.0,False
2026-01-02 06:00:02,1843.78,1708.47,1770.88,5.57,9.06,1.0,False
2026-01-02 07:00:01,1849.65,1715.68,1771.88,5.87,7.2,1.0,False
2026-01-02 08:00:02,1897.31,1722.49,1772.88,47.66,6.82,1.0,False
2026-01-02 09:00:02,1905.48,1846.27,1773.88,8.17,123.78,1.0,False
2026-01-02 10:00:02,1926.2,3201.94,1774.88,20.72,1355.67,1.0,False
2026-01-02 11:00:01,1956.71,1495.94,1775.88,30.51,2390.0,1.0,False
2026-01-02 12:00:02,1999.85,3260.73,1776.88,43.14,1764.78,1.0,False
2026-01-02 13:00:02,2044.48,1319.94,1777.88,44.62,2155.21,1.0,False
2026-01-02 14:00:02,2085.47,3655.79,1778.88,40.99,2335.85,1.0,False
2026-01-02 15:00:02,2130.35,688.54,1779.88,44.88,1128.74,1.0,False
2026-01-02 16:00:02,2191.47,1039.66,1780.88,61.11,351.12,1.0,False
2026-01-02 17:00:01,2249.47,1375.86,1781.88,58.0,336.2,1.0,False
2026-01-02 18:00:01,2352.41,2389.16,1782.88,102.94,1013.3,1.0,False
2026-01-02 19:00:02,2424.12,3138.88,1783.88,71.72,749.72,1.0,False
2026-01-02 20:00:02,2530.26,3612.14,1784.88,106.14,473.26,1.0,False
2026-01-02 21:00:02,2602.41,463.79,1785.88,72.15,947.65,1.0,False
2026-01-02 22:00:02,2660.4,639.62,1786.88,58.0,175.83,1.0,False
2026-01-02 23:00:02,2667.98,658.08,1787.88,7.58,18.46,1.0,False
2026-01-03 00:00:02,2676.97,683.79,1788.88,8.99,25.71,1.0,False
2026-01-03 01:00:02,2680.82,688.22,1789.88,3.85,4.43,1.0,False
2026-01-03 02:00:01,2685.03,707.62,1790.88,4.21,19.41,1.0,False
2026-01-03 03:00:02,2688.75,711.8,1791.88,3.72,4.18,1.0,False
2026-01-03 04:00:02,2692.9,718.14,1792.88,4.15,6.34,1.0,False
2026-01-03 05:00:02,2696.89,722.64,1793.88,3.99,4.5,1.0,False
2026-01-03 06:00:02,2702.02,730.7,1794.88,5.13,8.06,1.0,False
2026-01-03 07:00:01,2705.99,736.93,1795.88,3.97,6.23,1.0,False
2026-01-03 08:00:02,2736.13,759.95,1796.88,30.14,23.02,1.0,False
2026-01-03 09:00:01,2765.0,895.28,1797.88,28.87,135.34,1.0,False
2026-01-03 10:00:02,2795.22,1937.66,1798.88,30.22,1042.38,1.0,False
2026-01-03 11:00:01,2850.61,2751.77,1799.88,55.39,814.11,1.0,False
2026-01-03 12:00:02,2860.55,2786.4,1800.88,9.94,34.64,1.0,False
2026-01-03 13:00:01,2953.64,2952.89,1801.88,93.1,166.48,1.0,False
2026-01-03 14:00:02,2992.47,4030.58,1802.88,38.83,1077.7,1.0,False
2026-01-03 15:00:02,3023.08,1173.18,1803.88,30.61,1238.6,1.0,False
2026-01-03 16:00:01,3044.63,2458.48,1804.88,21.54,1285.29,1.0,False
2026-01-03 17:00:01,3096.21,2843.02,1805.88,51.58,384.54,1.0,False
2026-01-03 18:00:02,3206.56,25.27,1806.88,110.35,1278.25,1.0,False
2026-01-03 19:00:01,3231.34,1818.86,1807.88,24.78,1793.59,1.0,False
2026-01-03 20:00:02,3281.78,2043.75,1808.88,50.43,224.88,1.0,False
2026-01-03 21:00:02,3305.03,2509.59,1809.88,23.25,465.85,1.0,False
2026-01-03 22:00:02,3377.11,3240.71,1810.88,72.08,731.11,1.0,False
2026-01-03 23:00:01,3395.42,3686.19,1811.88,18.31,445.48,1.0,False
2026-01-04 00:00:02,3401.93,3760.13,1812.88,6.51,73.94,1.0,False
2026-01-04 01:00:02,3406.83,3766.04,1813.88,4.9,5.91,1.0,False
2026-01-04 02:00:01,3410.55,3770.06,1814.88,3.72,4.03,1.0,False
2026-01-04 03:00:01,3414.21,3775.63,1815.88,3.66,5.57,1.0,False
2026-01-04 04:00:01,3418.28,3782.16,1816.88,4.07,6.53,1.0,False
2026-01-04 05:00:02,3425.31,3844.19,1817.88,7.04,62.04,1.0,False
2026-01-04 06:00:01,3431.71,3856.9,1818.88,6.4,12.7,1.0,False
2026-01-04 07:00:01,3436.13,3864.05,1819.88,4.41,7.16,1.0,False
2026-01-04 08:00:02,3440.84,3869.22,1820.88,4.72,5.16,1.0,False
2026-01-04 09:00:01,3468.08,4070.21,1821.88,27.24,200.99,1.0,False
2026-01-04 10:00:01,3497.33,1051.31,1822.88,29.25,1077.09,1.0,False
2026-01-04 11:00:02,3525.2,1393.73,1823.88,27.87,342.43,1.0,False
2026-01-04 12:00:01,3653.63,3378.16,1824.88,128.42,1984.42,1.0,False
2026-01-04 13:00:02,3852.69,3931.97,1825.88,199.06,553.82,1.0,False
2026-01-04 14:00:02,3930.16,255.89,1826.88,77.47,419.92,1.0,False
2026-01-04 15:00:02,3960.48,1920.33,1827.88,30.33,1664.44,1.0,False
2026-01-04 16:00:02,4013.3,4016.49,1828.88,52.82,2096.16,1.0,False
2026-01-04 17:00:02,4016.64,4020.53,1829.88,3.34,4.03,1.0,False
2026-01-04 18:00:01,4020.2,4025.69,1830.88,3.56,5.17,1.0,False
2026-01-04 19:00:01,4028.4,4049.16,1831.88,8.19,23.47,1.0,False
2026-01-04 20:00:02,63.42,840.84,1832.88,131.02,887.68,1.0,False
2026-01-04 21:00:01,76.61,923.51,1833.88,13.19,82.67,1.0,False
2026-01-04 22:00:02,265.54,1044.57,1834.88,188.93,121.06,1.0,False
2026-01-04 23:00:01,312.45,1063.26,1835.88,46.91,18.69,1.0,False
2026-01-05 00:00:02,318.61,1072.97,1836.88,6.16,9.71,1.0,False
2026-01-05 01:00:02,328.65,1086.71,1837.88,10.04,13.74,1.0,False
2026-01-05 02:00:01,338.79,1099.37,1838.88,10.15,12.65,1.0,False
2026-01-05 03:00:02,346.95,1108.55,1839.88,8.16,9.18,1.0,False
2026-01-05 04:00:01,355.84,1125.65,1840.88,8.88,17.1,1.0,False
2026-01-05 05:00:02,368.25,1345.64,1841.88,12.41,219.99,1.0,False
2026-01-05 06:00:01,374.51,1357.5,1842.88,6.25,11.86,1.0,False
2026-01-05 07:00:01,385.76,1379.18,1843.88,11.25,21.69,1.0,False
2026-01-05 08:00:02,398.87,1471.21,1844.88,13.12,92.03,1.0,False
2026-01-05 09:00:02,427.63,1755.33,1845.88,28.76,284.11,1.0,False
2026-01-05 10:00:02,454.48,1862.92,1846.88,26.85,107.6,1.0,False
2026-01-05 11:00:01,461.8,1880.58,1847.88,7.32,17.66,1.0,False
2026-01-05 12:00:02,483.25,2046.18,1848.88,21.45,165.6,1.0,False
2026-01-05 13:00:01,505.8,2097.17,1849.88,22.55,50.98,1.0,False
2026-01-05 14:00:02,542.18,2198.94,1850.88,36.37,101.77,1.0,False
2026-01-05 15:00:01,583.61,2225.96,1851.88,41.44,27.02,1.0,False
2026-01-05 16:00:02,597.74,2397.42,1852.88,14.12,171.46,1.0,False
2026-01-05 17:00:02,628.28,2729.5,1853.88,30.55,332.08,1.0,False
2026-01-05 18:00:02,662.45,3206.67,1854.88,34.17,477.17,1.0,False
2026-01-05 19:00:02,701.25,596.94,1855.88,38.8,1486.27,1.0,False
2026-01-05 20:00:01,735.04,2122.64,1856.88,33.8,1525.7,1.0,False
2026-01-05 21:00:02,778.09,2214.55,1857.88,43.05,91.91,1.0,False
2026-01-05 22:00:02,799.03,2358.14,1858.88,20.94,143.59,1.0,False
2026-01-05 23:00:02,1008.71,2448.43,1859.88,209.68,90.29,1.0,False
2026-01-06 00:00:02,1017.42,2468.24,1860.88,8.71,19.82,1.0,False
2026-01-06 01:00:01,1023.39,2501.61,1861.88,5.97,33.36,1.0,False
2026-01-06 02:00:01,1029.22,2523.6,1862.88,5.83,22.0,1.0,False
2026-01-06 03:00:02,1036.47,2537.56,1863.88,7.25,13.96,1.0,False
2026-01-06 04:00:02,1045.8,2877.29,1864.88,9.33,339.74,1.0,False
2026-01-06 05:00:02,1052.33,2948.22,1865.88,6.53,70.92,1.0,False
2026-01-06 06:00:02,1060.58,2960.44,1866.88,8.25,12.22,1.0,False
2026-01-06 07:00:02,1066.45,2986.98,1867.88,5.87,26.55,1.0,False
2026-01-06 08:00:01,1072.68,3003.0,1868.88,6.23,16.01,1.0,False
2026-01-06 09:00:02,1103.78,3125.22,1869.88,31.1,122.23,1.0,False
2026-01-06 10:00:01,1122.95,3189.81,1870.88,19.17,64.59,1.0,False
2026-01-06 11:00:02,1155.94,3271.77,1871.88,33.0,81.96,1.0,False
2026-01-06 12:00:02,1162.73,3315.55,1872.88,6.79,43.78,1.0,False
2026-01-06 13:00:02,1167.53,3321.24,1873.88,4.8,5.69,1.0,False
2026-01-06 14:00:01,1171.99,3327.62,1874.88,4.46,6.38,1.0,False
2026-01-06 15:00:02,1260.05,3364.67,1875.88,88.06,37.05,1.0,False
2026-01-06 16:00:01,1417.48,502.19,1876.88,157.44,1233.52,1.0,False
2026-01-06 17:00:01,1449.44,2665.94,1877.88,31.96,2163.75,1.0,False
2026-01-06 18:00:02,1469.39,803.12,1878.88,19.95,2233.18,1.0,False
2026-01-06 19:00:01,1489.33,1055.17,1879.88,19.93,252.05,1.0,False
2026-01-06 20:00:02,1540.45,1404.32,1880.88,51.12,349.15,1.0,False
2026-01-06 21:00:01,1571.74,1748.22,1881.88,31.3,343.9,1.0,False
2026-01-06 22:00:02,1588.41,1785.74,1882.88,16.66,37.51,1.0,False
2026-01-06 23:00:02,1671.23,1810.69,1883.88,82.82,24.96,1.0,False
2026-01-07 00:00:02,1675.16,1817.47,1884.88,3.93,6.78,1.0,False
2026-01-07 01:00:02,1679.54,1822.36,1885.88,4.38,4.88,1.0,False
2026-01-07 02:00:02,1683.77,1829.6,1886.88,4.22,7.24,1.0,False
2026-01-07 03:00:01,1689.45,1856.84,1887.88,5.68,27.25,1.0,False
2026-01-07 04:00:02,1694.23,1889.48,1888.88,4.78,32.63,1.0,False
2026-01-07 05:00:02,1699.67,1946.04,1889.88,5.44,56.57,1.0,False
2026-01-07 06:00:02,1704.24,1952.9,1890.88,4.58,6.86,1.0,False
2026-01-07 07:00:01,1710.51,1965.28,1891.88,6.27,12.38,1.0,False
2026-01-07 08:00:02,1734.65,2167.77,1892.88,24.14,202.49,1.0,False
2026-01-07 09:00:01,1753.64,2303.0,1893.88,18.99,135.22,1.0,False
2026-01-07 10:00:02,1775.14,2378.45,1894.88,21.5,75.46,1.0,False
2026-01-07 11:00:02,1790.55,2426.54,1895.88,15.41,48.09,1.0,False
2026-01-07 12:00:02,1815.48,2508.26,1896.88,24.93,81.71,1.0,False
2026-01-07 13:00:02,1830.69,2553.51,1897.88,15.22,45.26,1.0,False
2026-01-07 14:00:02,1835.89,2561.83,1898.88,5.2,8.32,1.0,False
2026-01-07 15:00:02,1876.73,2674.28,1899.88,40.83,112.45,1.0,False
2026-01-07 16:00:02,1893.6,2724.54,1900.88,16.87,50.26,1.0,False
2026-01-07 17:00:02,1919.16,3790.2,1901.88,25.56,1065.66,1.0,False
2026-01-07 18:00:01,1981.72,699.59,1902.88,62.57,1005.39,1.0,False
2026-01-07 19:00:02,2042.6,991.69,1903.88,60.87,292.1,1.0,False
2026-01-07 20:00:01,2087.26,1653.81,1904.88,44.66,662.12,1.0,False
2026-01-07 21:00:02,2182.45,2103.35,1905.88,95.19,449.54,1.0,False
2026-01-07 22:00:02,2251.69,2265.08,1906.88,69.25,161.73,1.0,False
2026-01-07 23:00:01,2331.31,2327.47,1907.88,79.61,62.39,1.0,False
2026-01-08 00:00:02,2338.23,2335.95,1908.88,6.92,8.48,1.0,False
2026-01-08 01:00:02,2347.93,2374.61,1909.88,9.7,38.66,1.0,False
2026-01-08 02:00:01,2355.21,2443.05,1910.88,7.29,68.44,1.0,False
2026-01-08 03:00:02,2364.4,2518.2,1911.88,9.19,75.15,1.0,False
2026-01-08 04:00:02,2370.99,2533.67,1912.88,6.59,15.46,1.0,False
2026-01-08 05:00:02,2377.34,2546.73,1913.88,6.35,13.07,1.0,False
2026-01-08 06:00:01,2385.06,2595.45,1914.88,7.72,48.71,1.0,False
2026-01-08 07:00:02,2392.66,2615.72,1915.88,7.6,20.27,1.0,False
2026-01-08 08:00:01,2410.22,2740.47,1916.88,17.56,124.75,1.0,False
2026-01-08 09:00:02,2414.74,2749.64,1917.88,4.52,9.17,1.0,False
2026-01-08 10:00:02,2443.43,2890.97,1918.88,28.7,141.33,1.0,False
2026-01-08 11:00:01,2465.26,3131.59,1919.88,21.82,240.62,1.0,False
2026-01-08 12:00:02,2487.49,3201.35,1920.88,22.24,69.76,1.0,False
2026-01-08 13:00:02,2504.04,3236.76,1921.88,16.54,35.41,1.0,False
2026-01-08 14:00:01,2524.65,3262.06,1922.88,20.61,25.3,1.0,False
2026-01-08 15:00:02,2536.28,3295.55,1923.88,11.63,33.5,1.0,False
2026-01-08 16:00:02,2538.76,3315.04,1924.88,2.48,19.49,1.0,False
2026-01-08 17:00:02,2543.16,3334.01,1925.88,4.4,18.97,1.0,False
2026-01-08 18:00:02,2571.49,4022.08,1926.88,28.33,688.07,1.0,False
2026-01-08 19:00:01,2654.23,569.27,1927.88,82.74,643.18,1.0,False
2026-01-08 20:00:01,2680.64,1129.65,1928.88,26.42,560.38,1.0,False
2026-01-08 21:00:02,2709.01,1218.69,1929.88,28.37,89.04,1.0,False
2026-01-08 22:00:01,2782.08,1273.38,1930.88,73.07,54.69,1.0,False
2026-01-08 23:00:02,2868.85,1283.92,1931.88,86.77,10.54,1.0,False
2026-01-09 00:00:02,2873.98,1296.81,1932.88,5.13,12.89,1.0,False
2026-01-09 01:00:01,2885.24,1327.24,1933.88,11.27,30.43,1.0,False
2026-01-09 02:00:02,2891.8,1398.88,1934.88,6.56,71.64,1.0,False
2026-01-09 03:00:02,2900.63,1439.89,1935.88,8.82,41.01,1.0,False
2026-01-09 04:00:02,2908.28,1470.87,1936.88,7.65,30.97,1.0,False
2026-01-09 05:00:02,2915.58,1539.13,1937.88,7.3,68.26,1.0,False
2026-01-09 06:00:01,2923.87,1646.11,1938.88,8.28,106.98,1.0,False
2026-01-09 07:00:01,2931.45,1756.78,1939.88,7.59,110.67,1.0,False
2026-01-09 08:00:02,2955.85,2452.99,1940.88,24.4,696.21,1.0,False
2026-01-09 09:00:01,2972.18,2565.87,1941.88,16.33,112.89,1.0,False
2026-01-09 10:00:02,2996.25,2687.3,1942.88,24.07,121.42,1.0,False
2026-01-09 11:00:02,3009.5,2706.85,1943.88,13.25,19.55,1.0,False
2026-01-09 12:00:02,3029.44,2770.08,1944.88,19.94,63.23,1.0,False
2026-01-09 13:00:02,3050.73,2818.89,1945.88,21.29,48.81,1.0,False
2026-01-09 14:00:02,3076.56,3121.52,1946.88,25.83,302.63,1.0,False
2026-01-09 15:00:02,3116.39,3276.62,1947.88,39.83,155.1,1.0,False
2026-01-09 16:00:01,3134.89,339.62,1948.88,18.5,1159.0,1.0,False
2026-01-09 17:00:02,3170.86,1569.84,1949.88,35.97,1230.22,1.0,False
2026-01-09 18:00:02,3194.12,2978.3,1950.88,23.27,1408.46,1.0,False
2026-01-09 19:00:01,3213.5,349.26,1951.88,19.38,1466.96,1.0,False
2026-01-09 20:00:02,3280.83,1659.22,1952.88,67.33,1309.96,1.0,False
2026-01-09 21:00:01,3307.06,2509.45,1953.88,26.23,850.23,1.0,False
2026-01-09 22:00:02,3332.03,3061.88,1954.88,24.97,552.42,1.0,False
2026-01-09 23:00:02,3439.09,3459.81,1955.88,107.06,397.94,1.0,False
2026-01-10 00:00:02,3449.12,3988.71,1956.88,10.03,528.9,1.0,False
2026-01-10 01:00:02,3456.5,3997.55,1957.88,7.38,8.83,1.0,False
2026-01-10 02:00:01,3463.23,4047.81,1958.88,6.73,50.26,1.0,False
2026-01-10 03:00:02,3471.39,64.07,1959.88,8.17,112.27,1.0,False
2026-01-10 04:00:02,3478.36,82.92,1960.88,6.97,18.85,1.0,False
2026-01-10 05:00:01,3484.47,90.57,1961.88,6.11,7.65,1.0,False
2026-01-10 06:00:01,3492.05,161.29,1962.88,7.58,70.71,1.0,False
2026-01-10 07:00:02,3499.21,192.6,1963.88,7.17,31.31,1.0,False
2026-01-10 08:00:01,3508.37,425.81,1964.88,9.16,233.22,1.0,False
2026-01-10 09:00:02,3529.24,1268.1,1965.88,20.87,842.29,1.0,False
2026-01-10 10:00:02,3551.16,2260.14,1966.88,21.92,992.04,1.0,False
2026-01-10 11:00:02,3586.18,2519.39,1967.88,35.01,259.25,1.0,False
2026-01-10 12:00:02,3592.11,2542.86,1968.88,5.94,23.47,1.0,False
2026-01-10 13:00:01,3596.13,2545.21,1969.88,4.01,2.35,1.0,False
2026-01-10 14:00:02,3600.07,2547.37,1970.88,3.94,2.16,1.0,False
2026-01-10 15:00:01,3604.61,2553.66,1971.88,4.54,6.29,1.0,False
2026-01-10 16:00:02,3608.39,2571.04,1972.88,3.78,17.37,1.0,False
2026-01-10 17:00:02,3612.3,2577.49,1973.88,3.9,6.46,1.0,False
2026-01-10 18:00:01,3616.55,2579.95,1974.88,4.26,2.45,1.0,False
2026-01-10 19:00:02,3653.38,2966.84,1975.88,36.83,386.89,1.0,False
2026-01-10 20:00:01,3794.28,3681.03,1976.88,140.9,714.19,1.0,False
2026-01-10 21:00:02,3863.53,1049.33,1977.88,69.25,1464.3,1.0,False
2026-01-10 22:00:01,3889.09,2451.47,1978.88,25.56,1402.14,1.0,False
2026-01-10 23:00:02,4017.74,2957.86,1979.88,128.66,506.39,1.0,False
2026-01-11 00:00:02,4034.51,2969.28,1980.88,16.77,11.42,1.0,False
2026-01-11 01:00:02,4038.01,2978.23,1981.88,3.5,8.95,1.0,False
2026-01-11 02:00:02,4040.7,2981.43,1982.88,2.7,3.2,1.0,False
2026-01-11 03:00:01,4047.15,3152.46,1983.88,6.45,171.03,1.0,False
2026-01-11 04:00:02,4051.53,3158.22,1984.88,4.37,5.77,1.0,False
2026-01-11 05:00:01,4054.74,3173.4,1985.88,3.22,15.18,1.0,False
2026-01-11 06:00:02,4057.66,3176.53,1986.88,2.91,3.13,1.0,False
2026-01-11 07:00:02,4061.35,3185.27,1987.88,3.7,8.74,1.0,False
2026-01-11 08:00:01,4064.38,3189.03,1988.88,3.03,3.76,1.0,False
2026-01-11 09:00:02,4086.69,3366.39,1989.88,22.31,177.36,1.0,False
2026-01-11 10:00:01,73.68,392.43,1990.88,82.98,1122.04,1.0,False
2026-01-11 11:00:02,148.71,803.93,1991.88,75.03,411.5,1.0,False
2026-01-11 12:00:01,191.21,1455.99,1992.88,42.5,652.06,1.0,False
2026-01-11 13:00:02,226.82,2020.65,1993.88,35.61,564.66,1.0,False
2026-01-11 14:00:02,285.64,2829.32,1994.88,58.82,808.67,1.0,False
2026-01-11 15:00:01,330.43,3095.91,1995.88,44.79,266.59,1.0,False
2026-01-11 16:00:02,389.6,3590.28,1996.88,59.17,494.37,1.0,False
2026-01-11 17:00:02,396.27,3603.62,1997.88,6.66,13.34,1.0,False
2026-01-11 18:00:02,398.55,3605.86,1998.88,2.29,2.24,1.0,False
2026-01-11 19:00:01,427.92,3863.79,1999.88,29.37,257.93,1.0,False
2026-01-11 20:00:02,528.98,957.47,2000.88,101.06,1189.68,1.0,False
2026-01-11 21:00:02,606.18,1749.26,2001.88,77.2,791.79,1.0,False
2026-01-11 22:00:01,627.55,2760.24,2002.88,21.37,1010.98,1.0,False
2026-01-11 23:00:02,701.38,2794.05,2003.88,73.83,33.82,1.0,False
2026-01-12 00:00:02,747.06,2810.62,2004.88,45.68,16.56,1.0,False
2026-01-12 01:00:01,761.53,2819.84,2005.88,14.47,9.23,1.0,False
2026-01-12 02:00:02,766.75,2826.04,2006.88,5.22,6.2,1.0,False
2026-01-12 03:00:01,773.49,2837.96,2007.88,6.73,11.92,1.0,False
2026-01-12 04:00:02,784.78,3094.77,2008.88,11.3,256.81,1.0,False
2026-01-12 05:00:02,791.98,3294.68,2009.88,7.19,199.91,1.0,False
2026-01-12 06:00:02,798.99,3349.74,2010.88,7.01,55.06,1.0,False
2026-01-12 07:00:01,805.01,3359.64,2011.88,6.03,9.9,1.0,False
2026-01-12 08:00:02,825.61,3440.61,2012.88,20.6,80.97,1.0,False
2026-01-12 09:00:02,844.79,3580.81,2013.88,19.18,140.2,1.0,False
2026-01-12 10:00:02,864.25,3786.97,2014.88,19.46,206.16,1.0,False
2026-01-12 11:00:01,879.28,3842.79,2015.88,15.03,55.82,1.0,False
2026-01-12 12:00:02,890.84,3871.41,2016.88,11.56,28.63,1.0,False
2026-01-12 13:00:02,924.96,3961.31,2017.88,34.12,89.89,1.0,False
2026-01-12 14:00:02,939.39,4003.28,2018.88,14.43,41.97,1.0,False
2026-01-12 15:00:02,953.87,74.08,2019.88,14.48,166.81,1.0,False
2026-01-12 16:00:02,966.83,159.44,2020.88,12.96,85.36,1.0,False
2026-01-12 17:00:02,1036.73,591.7,2021.88,69.9,432.26,1.0,False
2026-01-12 18:00:01,1098.67,823.58,2022.88,61.94,231.88,1.0,False
2026-01-12 19:00:02,1151.52,1135.8,2023.88,52.84,312.21,1.0,False
2026-01-12 20:00:01,1226.3,1467.99,2024.88,74.79,332.2,1.0,False
2026-01-12 21:00:02,1265.95,2394.85,2025.88,39.65,926.85,1.0,False
2026-01-12 22:00:02,1282.71,3337.49,2026.88,16.75,942.64,1.0,False
2026-01-12 23:00:02,1347.02,3359.87,2027.88,64.31,22.38,1.0,False
2026-01-13 00:00:02,1410.11,3384.63,2028.88,63.09,24.76,1.0,False
2026-01-13 01:00:02,1416.85,3405.93,2029.88,6.74,21.3,1.0,False
2026-01-13 02:00:01,1422.51,3461.46,2030.88,5.66,55.52,1.0,False
2026-01-13 03:00:02,1428.75,3496.47,2031.88,6.24,35.02,1.0,False
2026-01-13 04:00:01,1434.34,3504.92,2032.88,5.59,8.45,1.0,False
2026-01-13 05:00:02,1439.88,3509.72,2033.88,5.53,4.8,1.0,False
2026-01-13 06:00:01,1446.33,3623.37,2034.88,6.45,113.65,1.0,False
2026-01-13 07:00:02,1452.96,3671.38,2035.88,6.63,48.0,1.0,False
2026-01-13 08:00:02,1653.47,3700.42,2036.88,200.51,29.04,1.0,False
2026-01-13 09:00:02,1673.11,3773.74,2037.88,19.64,73.33,1.0,False
2026-01-13 10:00:02,1676.34,3778.29,2038.88,3.23,4.55,1.0,False
2026-01-13 11:00:01,1692.22,3881.38,2039.88,15.88,103.09,1.0,False
2026-01-13 12:00:02,1699.37,3904.42,2040.88,7.15,23.04,1.0,False
2026-01-13 13:00:02,1720.46,3975.11,2041.88,21.09,70.69,1.0,False
2026-01-13 14:00:02,1722.12,3977.21,2042.88,1.66,2.1,1.0,False
2026-01-13 15:00:02,1736.04,502.27,2043.88,13.92,621.06,1.0,False
2026-01-13 16:00:02,1978.68,810.13,2044.88,242.64,307.86,1.0,False
2026-01-13 17:00:01,2028.14,1441.98,2045.88,49.46,631.85,1.0,False
2026-01-13 18:00:02,2061.63,2769.56,2046.88,33.49,1327.57,1.0,False
2026-01-13 19:00:02,2117.51,32.28,2047.88,55.88,1358.72,1.0,False
2026-01-13 20:00:01,2152.2,1854.71,2048.88,34.69,1822.44,1.0,False
2026-01-13 21:00:01,2226.39,2805.58,2049.88,74.2,950.87,1.0,False
2026-01-13 22:00:02,2240.83,2848.15,2050.88,14.44,42.57,1.0,False
2026-01-13 23:00:02,2250.54,2864.21,2051.88,9.7,16.06,1.0,False
2026-01-14 00:00:02,2314.22,2872.31,2052.88,63.69,8.1,1.0,False
2026-01-14 01:00:01,2320.31,2877.48,2053.88,6.09,5.17,1.0,False
2026-01-14 02:00:02,2329.59,2934.15,2054.88,9.27,56.67,1.0,False
2026-01-14 03:00:02,2338.77,3062.1,2055.88,9.18,127.95,1.0,False
2026-01-14 04:00:01,2347.26,3130.0,2056.88,8.49,67.9,1.0,False
2026-01-14 05:00:01,2354.21,3137.07,2057.88,6.95,7.06,1.0,False
2026-01-14 06:00:01,2362.8,3198.47,2058.88,8.59,61.4,1.0,False
2026-01-14 07:00:01,2370.59,3209.13,2059.88,7.79,10.66,1.0,False
2026-01-14 08:00:02,2393.34,3543.86,2060.88,22.75,334.73,1.0,False
2026-01-14 09:00:01,2409.15,3581.83,2061.88,15.81,37.97,1.0,False
2026-01-14 10:00:02,2410.9,3584.9,2062.88,1.74,3.07,1.0,False
2026-01-14 11:00:01,2412.23,3586.02,2063.88,1.33,1.11,1.0,False
2026-01-14 12:00:02,2414.29,3592.35,2064.88,2.06,6.33,1.0,False
2026-01-14 13:00:02,2417.0,3609.57,2065.88,2.71,17.22,1.0,False
2026-01-14 14:00:01,2418.29,3611.33,2066.88,1.29,1.76,1.0,False
2026-01-14 15:00:01,2419.91,3613.25,2067.88,1.62,1.92,1.0,False
2026-01-14 16:00:02,2422.1,3633.15,2068.88,2.2,19.9,1.0,False
2026-01-14 17:00:02,2431.03,3769.24,2069.88,8.93,136.09,1.0,False
2026-01-14 18:00:02,2754.66,283.34,2070.88,323.63,610.1,1.0,False
2026-01-14 19:00:01,3050.96,946.64,2071.88,296.3,663.29,1.0,False
2026-01-14 20:00:02,3203.02,2684.17,2072.88,152.06,1737.53,1.0,False
2026-01-14 21:00:01,3457.06,2776.88,2073.88,254.04,92.71,1.0,False
2026-01-14 22:00:02,3534.78,2851.67,2074.88,77.72,74.79,1.0,False
2026-01-14 23:00:01,3554.7,3220.48,2075.88,19.92,368.81,1.0,False
2026-01-15 00:00:02,3635.76,3228.53,2076.88,81.06,8.05,1.0,False
2026-01-15 01:00:02,3640.05,3235.8,2077.88,4.28,7.27,1.0,False
2026-01-15 02:00:02,3648.13,3408.28,2078.88,8.09,172.48,1.0,False
2026-01-15 03:00:01,3656.98,3727.74,2079.88,8.85,319.47,1.0,False
2026-01-15 04:00:02,3661.61,3755.25,2080.88,4.63,27.51,1.0,False
2026-01-15 05:00:01,3665.25,3765.02,2081.88,3.64,9.77,1.0,False
2026-01-15 06:00:02,3671.73,3845.28,2082.88,6.48,80.26,1.0,False
2026-01-15 07:00:01,3702.58,1381.93,2083.88,30.85,1632.65,1.0,False
2026-01-15 08:00:01,3707.16,1393.29,2084.88,4.58,11.36,1.0,False
2026-01-15 09:00:02,3710.35,1397.36,2085.88,3.19,4.08,1.0,False
2026-01-15 10:00:02,3713.07,1400.11,2086.88,2.72,2.75,1.0,False
2026-01-15 11:00:01,3716.72,1405.13,2087.88,3.64,5.02,1.0,False
2026-01-15 12:00:02,3719.44,1409.89,2088.88,2.72,4.76,1.0,False
2026-01-15 13:00:02,3722.2,1418.66,2089.88,2.77,8.77,1.0,False
2026-01-15 14:00:01,3751.23,1468.92,2090.88,29.03,50.26,1.0,False
2026-01-15 15:00:02,3755.35,1477.79,2091.88,4.13,8.87,1.0,False
2026-01-15 16:00:01,3758.52,1504.2,2092.88,3.17,26.41,1.0,False
2026-01-15 17:00:02,3762.22,1516.39,2093.88,3.7,12.2,1.0,False
2026-01-15 18:00:02,3783.83,3472.09,2094.88,21.61,1955.69,1.0,False
2026-01-15 19:00:01,3883.83,659.08,2095.88,99.99,1283.0,1.0,False
2026-01-15 20:00:01,3963.68,1052.23,2096.88,79.85,393.15,1.0,False
2026-01-15 21:00:02,4027.92,1359.29,2097.88,64.24,307.05,1.0,False
2026-01-15 22:00:02,4053.73,1474.51,2098.88,25.81,115.23,1.0,False
2026-01-15 23:00:01,4066.41,1564.28,2099.88,12.68,89.77,1.0,False
2026-01-16 00:00:02,58.93,1579.8,2100.88,88.53,15.52,1.0,False
2026-01-16 01:00:02,86.68,3092.78,2101.88,27.75,1512.98,1.0,False
2026-01-16 02:00:02,92.29,3146.95,2102.88,5.61,54.17,1.0,False
2026-01-16 03:00:01,97.78,3199.93,2103.88,5.49,52.98,1.0,False
2026-01-16 04:00:02,105.78,3515.56,2104.88,8.0,315.64,1.0,False
2026-01-16 05:00:02,110.56,3545.53,2105.88,4.79,29.96,1.0,False
2026-01-16 06:00:01,114.15,3553.01,2106.88,3.59,7.49,1.0,False
2026-01-16 07:00:02,122.65,3789.58,2107.88,8.5,236.57,1.0,False
2026-01-16 08:00:02,168.01,3913.79,2108.88,45.36,124.2,1.0,False
2026-01-16 09:00:02,254.41,1670.89,2109.88,86.4,1853.1,1.0,False
2026-01-16 10:00:02,272.31,1741.5,2110.88,17.9,70.61,1.0,False
2026-01-16 11:00:02,287.12,1824.27,2111.88,14.81,82.77,1.0,False
2026-01-16 12:00:02,295.79,1866.09,2112.88,8.67,41.82,1.0,False
2026-01-16 13:00:01,329.04,1900.8,2113.88,33.25,34.7,1.0,False
2026-01-16 14:00:02,334.15,1922.58,2114.88,5.1,21.78,1.0,False
2026-01-16 15:00:01,366.81,2004.4,2115.88,32.67,81.83,1.0,False
2026-01-16 16:00:01,442.26,2523.47,2116.88,75.45,519.07,1.0,False
2026-01-16 17:00:02,539.24,2934.76,2117.88,96.97,411.28,1.0,False
2026-01-16 18:00:02,644.62,3665.93,2118.88,105.38,731.17,1.0,False
2026-01-16 19:00:02,737.83,724.39,2119.88,93.22,1154.46,1.0,False
2026-01-16 20:00:02,797.76,1036.76,2120.88,59.92,312.37,1.0,False
2026-01-16 21:00:02,937.63,2421.05,2121.88,139.87,1384.3,1.0,False
2026-01-16 22:00:01,993.47,4091.19,2122.88,55.84,1670.14,1.0,False
2026-01-16 23:00:02,1002.07,17.43,2123.88,8.6,22.24,1.0,False
2026-01-17 00:00:02,1154.61,33.0,2124.88,152.55,15.57,1.0,False
2026-01-17 01:00:02,1159.85,68.14,2125.88,5.24,35.14,1.0,False
2026-01-17 02:00:01,1167.23,216.74,2126.88,7.37,148.6,1.0,False
2026-01-17 03:00:02,1171.17,261.78,2127.88,3.94,45.04,1.0,False
2026-01-17 04:00:02,1177.34,453.36,2128.88,6.18,191.59,1.0,False
2026-01-17 05:00:01,1182.91,585.5,2129.88,5.57,132.13,1.0,False
2026-01-17 06:00:02,1188.45,725.9,2130.88,5.53,140.4,1.0,False
2026-01-17 07:00:02,1468.26,776.35,2131.88,279.82,50.46,1.0,False
2026-01-17 08:00:01,1621.36,1009.62,2132.88,153.09,233.27,1.0,False
2026-01-17 09:00:02,1754.1,2161.06,2133.88,132.74,1151.44,1.0,False
2026-01-17 10:00:02,1976.42,45.8,2134.88,222.32,1980.73,1.0,False
2026-01-17 11:00:02,2053.95,1377.24,2135.88,77.53,1331.45,1.0,False
2026-01-17 12:00:01,2081.71,2892.46,2136.88,27.76,1515.22,1.0,False
2026-01-17 13:00:02,2122.37,3860.13,2137.88,40.66,967.67,1.0,False
2026-01-17 14:00:02,2187.97,144.45,2138.88,65.6,380.31,1.0,False
2026-01-17 15:00:01,2267.75,543.62,2139.88,79.78,399.17,1.0,False
2026-01-17 16:00:01,2359.1,1139.49,2140.88,91.35,595.87,1.0,False
2026-01-17 17:00:02,2444.77,1418.28,2141.88,85.67,278.79,1.0,False
2026-01-17 18:00:02,2556.31,1942.99,2142.88,111.54,524.71,1.0,False
2026-01-17 19:00:01,2627.58,2204.45,2143.88,71.27,261.46,1.0,False
2026-01-17 20:00:01,3117.8,3264.34,2144.88,490.22,1059.88,1.0,False
2026-01-17 21:00:02,3316.44,2264.62,2145.88,198.64,3096.28,1.0,False
2026-01-17 22:00:02,3367.38,88.84,2146.88,50.95,1920.22,1.0,False
2026-01-17 23:00:02,3388.0,119.12,2147.88,20.62,30.28,1.0,False
2026-01-18 00:00:02,3445.63,146.96,2148.88,57.63,27.84,1.0,False
2026-01-18 01:00:02,3454.16,159.56,2149.88,8.52,12.6,1.0,False
2026-01-18 02:00:01,3462.41,179.93,2150.88,8.25,20.37,1.0,False
2026-01-18 03:00:02,3469.43,199.04,2151.88,7.02,19.11,1.0,False
2026-01-18 04:00:02,3475.8,229.57,2152.88,6.37,30.53,1.0,False
2026-01-18 05:00:02,3482.46,249.13,2153.88,6.66,19.56,1.0,False
2026-01-18 06:00:02,3490.74,278.74,2154.88,8.27,29.61,1.0,False
2026-01-18 07:00:01,3500.17,309.94,2155.88,9.44,31.2,1.0,False
2026-01-18 08:00:02,3531.72,622.8,2156.88,31.54,312.86,1.0,False
2026-01-18 09:00:02,3581.78,1239.69,2157.88,50.06,616.89,1.0,False
2026-01-18 10:00:01,3671.29,1550.87,2158.88,89.52,311.18,1.0,False
2026-01-18 11:00:02,3744.85,1962.67,2159.88,73.55,411.8,1.0,False
2026-01-18 12:00:01,3822.55,2427.7,2160.88,77.7,465.03,1.0,False
2026-01-18 13:00:01,3874.64,2889.3,2161.88,52.09,461.6,1.0,False
2026-01-18 14:00:02,3931.48,3403.43,2162.88,56.84,514.12,1.0,False
2026-01-18 15:00:01,4054.44,3850.04,2163.88,122.97,446.62,1.0,False
2026-01-18 16:00:02,25.0,177.08,2164.88,66.56,423.04,1.0,False
2026-01-18 17:00:02,41.41,277.92,2165.88,16.41,100.84,1.0,False
2026-01-18 18:00:02,44.14,281.3,2166.88,2.73,3.38,1.0,False
2026-01-18 19:00:02,82.29,516.92,2167.88,38.15,235.62,1.0,False
2026-01-18 20:00:02,108.91,869.49,2168.88,26.62,352.56,1.0,False
2026-01-18 21:00:02,166.94,1652.79,2169.88,58.03,783.3,1.0,False
2026-01-18 22:00:01,183.4,1869.03,2170.88,16.46,216.24,1.0,False
2026-01-18 23:00:02,190.53,1876.45,2171.88,7.13,7.42,1.0,False
2026-01-19 00:00:02,238.12,1890.55,2172.88,47.59,14.11,1.0,False
2026-01-19 01:00:02,244.55,1896.06,2173.88,6.43,5.51,1.0,False
2026-01-19 02:00:02,251.45,1935.8,2174.88,6.9,39.74,1.0,False
2026-01-19 03:00:01,258.72,1984.08,2175.88,7.27,48.28,1.0,False
2026-01-19 04:00:02,264.18,1989.58,2176.88,5.46,5.5,1.0,False
2026-01-19 05:00:02,269.26,1993.95,2177.88,5.08,4.37,1.0,False
2026-01-19 06:00:02,275.47,2006.53,2178.88,6.21,12.58,1.0,False
2026-01-19 07:00:02,282.57,2033.25,2179.88,7.1,26.72,1.0,False
2026-01-19 08:00:02,297.75,2061.77,2180.88,15.18,28.52,1.0,False
2026-01-19 09:00:01,300.77,2064.11,2181.88,3.02,2.35,1.0,False
2026-01-19 10:00:02,342.33,2072.97,2182.88,41.56,8.85,1.0,False
2026-01-19 11:00:02,345.71,2078.38,2183.88,3.37,5.42,1.0,False
2026-01-19 12:00:02,351.12,2082.28,2184.88,5.41,3.9,1.0,False
2026-01-19 13:00:01,357.59,2097.39,2185.88,6.47,15.11,1.0,False
2026-01-19 14:00:02,372.15,2146.2,2186.88,14.56,48.81,1.0,False
2026-01-19 15:00:01,377.17,2159.41,2187.88,5.02,13.2,1.0,False
2026-01-19 16:00:02,422.23,2185.46,2188.88,45.07,26.05,1.0,False
2026-01-19 17:00:02,469.29,2546.28,2189.88,47.06,360.82,1.0,False
2026-01-19 18:00:01,570.32,2826.78,2190.88,101.02,280.5,1.0,False
2026-01-19 19:00:02,619.08,3396.36,2191.88,48.77,569.58,1.0,False
2026-01-19 20:00:02,750.57,3719.84,2192.88,131.48,323.48,1.0,False
2026-01-19 21:00:02,766.2,4048.75,2193.88,15.64,328.91,1.0,False
2026-01-19 22:00:01,779.41,12.18,2194.88,13.21,59.44,1.0,False
2026-01-19 23:00:02,1913.29,122.03,2195.88,1133.87,109.85,1.0,False
2026-01-20 00:00:02,2193.05,143.17,2196.88,279.77,21.14,1.0,False
2026-01-20 01:00:01,2200.98,152.05,2197.88,7.93,8.88,1.0,False
2026-01-20 02:00:02,2209.19,278.81,2198.88,8.21,126.76,1.0,False
2026-01-20 03:00:01,2216.17,295.38,2199.88,6.98,16.57,1.0,False
2026-01-20 04:00:02,2223.09,302.35,2200.88,6.91,6.97,1.0,False
2026-01-20 05:00:02,2229.69,344.52,2201.88,6.6,42.17,1.0,False
2026-01-20 06:00:01,2238.5,482.3,2202.88,8.81,137.78,1.0,False
2026-01-20 07:00:01,2245.76,528.34,2203.88,7.25,46.04,1.0,False
2026-01-20 08:00:01,2258.01,576.22,2204.88,12.25,47.88,1.0,False
2026-01-20 09:00:02,2269.7,642.15,2205.88,11.7,65.93,1.0,False
2026-01-20 10:00:01,2341.87,680.65,2206.88,72.16,38.5,1.0,False
2026-01-20 11:00:01,2372.4,735.29,2207.88,30.54,54.64,1.0,False
2026-01-20 12:00:01,2393.64,828.44,2208.88,21.23,93.15,1.0,False
2026-01-20 13:00:02,2409.67,867.5,2209.88,16.03,39.06,1.0,False
2026-01-20 14:00:01,2441.45,3178.53,2210.88,31.78,2311.03,1.0,False
2026-01-20 15:00:01,2500.02,3214.04,2211.88,58.58,35.52,1.0,False
2026-01-20 16:00:02,2531.94,3364.87,2212.88,31.92,150.82,1.0,False
2026-01-20 17:00:02,2589.99,4000.48,2213.88,58.04,635.61,1.0,False
2026-01-20 18:00:02,2651.38,496.82,2214.88,61.4,592.34,1.0,False
2026-01-20 19:00:02,2718.31,1379.59,2215.88,66.93,882.76,1.0,False
2026-01-20 20:00:01,2798.7,2282.77,2216.88,80.39,903.18,1.0,False
2026-01-20 21:00:02,2819.14,2929.77,2217.88,20.43,647.0,1.0,False
2026-01-20 22:00:01,2846.74,3578.35,2218.88,27.61,648.58,1.0,False
2026-01-20 23:00:02,2854.03,3605.81,2219.88,7.29,27.46,1.0,False
2026-01-21 00:00:02,2937.18,3614.05,2220.88,83.14,8.25,1.0,False
2026-01-21 01:00:02,2939.36,3617.08,2221.88,2.18,3.03,1.0,False
2026-01-21 02:00:02,2941.61,3623.43,2222.88,2.24,6.35,1.0,False
2026-01-21 03:00:01,2945.08,3682.19,2223.88,3.48,58.76,1.0,False
2026-01-21 04:00:01,2947.51,3691.78,2224.88,2.42,9.6,1.0,False
2026-01-21 05:00:02,2950.43,3710.3,2225.88,2.93,18.52,1.0,False
2026-01-21 06:00:02,2953.07,3716.2,2226.88,2.64,5.89,1.0,False
2026-01-21 07:00:02,2956.4,3722.1,2227.88,3.33,5.9,1.0,False
2026-01-21 08:00:02,2973.45,3783.14,2228.88,17.04,61.04,1.0,False
2026-01-21 09:00:02,2986.33,3937.92,2229.88,12.88,154.79,1.0,False
2026-01-21 10:00:01,2997.14,3978.13,2230.88,10.81,40.21,1.0,False
2026-01-21 11:00:02,2999.34,3981.38,2231.88,2.2,3.25,1.0,False
2026-01-21 12:00:02,3005.8,4021.86,2232.88,6.47,40.48,1.0,False
2026-01-21 13:00:01,3013.67,4042.09,2233.88,7.86,20.23,1.0,False
2026-01-21 14:00:02,3265.48,447.37,2234.88,251.81,501.28,1.0,False
2026-01-21 15:00:02,3287.86,728.68,2235.88,22.39,281.31,1.0,False
2026-01-21 16:00:01,3301.34,809.28,2236.88,13.48,80.61,1.0,False
2026-01-21 17:00:02,3331.37,2245.53,2237.88,30.03,1436.25,1.0,False
2026-01-21 18:00:02,3386.28,3663.44,2238.88,54.91,1417.91,1.0,False
2026-01-21 19:00:01,3429.64,37.19,2239.88,43.35,469.75,1.0,False
2026-01-21 20:00:02,3482.44,1324.19,2240.88,52.8,1287.0,1.0,False
2026-01-21 21:00:02,3605.58,1774.1,2241.88,123.14,449.91,1.0,False
2026-01-21 22:00:01,3670.14,2195.69,2242.88,64.57,421.59,1.0,False
2026-01-21 23:00:02,3716.39,2333.66,2243.88,46.25,137.98,1.0,False
2026-01-22 00:00:02,3793.22,2379.54,2244.88,76.83,45.88,1.0,False
2026-01-22 01:00:02,3798.14,2413.61,2245.88,4.92,34.07,1.0,False
2026-01-22 02:00:02,3802.78,2439.8,2246.88,4.64,26.19,1.0,False
2026-01-22 03:00:02,3810.54,2619.3,2247.88,7.75,179.5,1.0,False
2026-01-22 04:00:01,3815.5,2632.54,2248.88,4.97,13.24,1.0,False
2026-01-22 05:00:02,3821.53,2708.98,2249.88,6.03,76.43,1.0,False
2026-01-22 06:00:01,3828.98,2882.94,2250.88,7.45,173.96,1.0,False
2026-01-22 07:00:01,3836.81,2908.02,2251.88,7.83,25.09,1.0,False
2026-01-22 08:00:02,3852.55,2928.2,2252.88,15.74,20.18,1.0,False
2026-01-22 09:00:03,3872.98,2963.73,2253.88,20.43,35.53,1.0,False
2026-01-22 10:00:02,3902.97,3197.72,2254.88,29.98,233.99,1.0,False
2026-01-22 11:00:02,3950.4,3329.41,2255.88,47.44,131.69,1.0,False
2026-01-22 12:00:02,3956.96,3377.25,2256.88,6.56,47.84,1.0,False
2026-01-22 13:00:02,3968.48,3449.23,2257.88,11.52,71.98,1.0,False
2026-01-22 14:00:02,3976.35,3464.51,2258.88,7.87,15.28,1.0,False
2026-01-22 15:00:02,3989.66,3681.28,2259.88,13.31,216.77,1.0,False
2026-01-22 16:00:02,3991.43,3684.35,2260.88,1.77,3.07,1.0,False
2026-01-22 17:00:02,3992.9,3686.32,2261.88,1.47,1.97,1.0,False
2026-01-22 18:00:03,4054.08,68.75,2262.88,61.18,478.43,1.0,False
2026-01-22 19:00:02,18.2,496.08,2263.88,60.12,427.32,1.0,False
2026-01-22 20:00:03,115.23,924.95,2264.88,97.02,428.87,1.0,False
2026-01-22 21:00:02,288.12,1860.97,2265.88,172.89,936.03,1.0,False
2026-01-22 22:00:02,303.68,2580.11,2266.88,15.56,719.14,1.0,False
2026-01-22 23:00:02,329.36,2596.81,2267.88,25.68,16.7,1.0,False
2026-01-23 00:00:02,416.07,2604.89,2268.88,86.71,8.08,1.0,False
2026-01-23 01:00:02,420.89,2611.58,2269.88,4.81,6.69,1.0,False
2026-01-23 02:00:02,426.3,2687.3,2270.88,5.41,75.72,1.0,False
2026-01-23 03:00:03,431.06,2708.91,2271.88,4.77,21.61,1.0,False
2026-01-23 04:00:02,435.51,2724.83,2272.88,4.44,15.92,1.0,False
2026-01-23 05:00:02,440.07,2734.38,2273.88,4.57,9.55,1.0,False
2026-01-23 06:00:02,445.78,2813.82,2274.88,5.71,79.44,1.0,False
2026-01-23 07:00:03,452.47,2864.18,2275.88,6.68,50.36,1.0,False
2026-01-23 08:00:02,545.94,3009.23,2276.88,93.47,145.04,1.0,False
2026-01-23 09:00:02,551.06,3035.76,2277.88,5.12,26.53,1.0,False
2026-01-23 10:00:02,559.67,3047.37,2278.88,8.61,11.61,1.0,False
2026-01-23 11:00:02,593.21,3372.92,2279.88,33.54,325.55,1.0,False
2026-01-23 12:00:02,769.46,3746.13,2280.88,176.25,373.21,1.0,False
2026-01-23 13:00:02,781.39,3908.1,2281.88,11.93,161.97,1.0,False
2026-01-23 14:00:02,787.0,3926.72,2282.88,5.6,18.62,1.0,False
2026-01-23 15:00:02,795.47,3957.77,2283.88,8.47,31.04,1.0,False
2026-01-23 16:00:02,816.58,4045.8,2284.88,21.11,88.03,1.0,False
2026-01-23 17:00:02,883.93,391.84,2285.88,67.36,442.04,1.0,False
2026-01-23 18:00:02,966.09,1152.93,2286.88,82.16,761.09,1.0,False
2026-01-23 19:00:02,1043.82,1546.58,2287.88,77.73,393.64,1.0,False
2026-01-23 20:00:02,1097.05,2183.72,2288.88,53.23,637.14,1.0,False
2026-01-23 21:00:02,1119.7,3196.63,2289.88,22.65,1012.92,1.0,False
2026-01-23 22:00:03,1162.01,65.48,2290.88,42.31,964.85,1.0,False
2026-01-23 23:00:02,1166.84,119.46,2291.88,4.83,53.98,1.0,False
2026-01-24 00:00:02,1254.81,126.42,2292.88,87.97,6.96,1.0,False
2026-01-24 01:00:03,1257.53,129.48,2293.88,2.72,3.06,1.0,False
2026-01-24 02:00:03,1261.88,135.04,2294.88,4.34,5.56,1.0,False
2026-01-24 03:00:02,1266.29,140.67,2295.88,4.41,5.62,1.0,False
2026-01-24 04:00:02,1269.77,148.79,2296.88,3.47,8.13,1.0,False
2026-01-24 05:00:02,1273.42,154.43,2297.88,3.65,5.64,1.0,False
2026-01-24 06:00:03,1277.56,158.81,2298.88,4.14,4.38,1.0,False
2026-01-24 07:00:02,1284.88,168.95,2299.88,7.31,10.14,1.0,False
2026-01-24 08:00:02,1297.4,199.93,2300.88,12.53,30.98,1.0,False
2026-01-24 09:00:03,1431.3,677.65,2301.88,133.9,477.72,1.0,False
2026-01-24 10:00:02,1489.34,1103.82,2302.88,58.03,426.17,1.0,False
2026-01-24 11:00:03,1592.16,2660.93,2303.88,102.83,1557.1,1.0,False
2026-01-24 12:00:02,1625.96,3358.91,2304.88,33.8,697.98,1.0,False
2026-01-24 13:00:03,1727.2,412.46,2305.88,101.24,1149.55,1.0,False
2026-01-24 14:00:02,1830.98,2328.54,2306.88,103.77,1916.08,1.0,False
2026-01-24 15:00:02,1888.64,3557.48,2307.88,57.67,1228.95,1.0,False
2026-01-24 16:00:02,1931.49,175.58,2308.88,42.84,714.1,1.0,False
2026-01-24 17:00:02,2014.44,1851.83,2309.88,82.96,1676.26,1.0,False
2026-01-24 18:00:02,2035.33,2153.65,2310.88,20.89,301.81,1.0,False
2026-01-24 19:00:03,2061.95,2775.58,2311.88,26.62,621.93,1.0,False
2026-01-24 20:00:02,2073.9,2871.07,2312.88,11.95,95.49,1.0,False
2026-01-24 21:00:02,2101.76,2964.3,2313.88,27.86,93.24,1.0,False
2026-01-24 22:00:02,2135.4,3895.55,2314.88,33.64,931.25,1.0,False
2026-01-24 23:00:02,2153.26,365.2,2315.88,17.86,565.65,1.0,False
2026-01-25 00:00:03,2212.62,386.08,2316.88,59.36,20.88,1.0,False
2026-01-25 01:00:02,2215.79,391.13,2317.88,3.17,5.05,1.0,False
2026-01-25 02:00:02,2219.67,406.44,2318.88,3.88,15.3,1.0,False
2026-01-25 03:00:02,2226.46,540.39,2319.88,6.8,133.96,1.0,False
2026-01-25 04:00:02,2230.35,550.44,2320.88,3.88,10.04,1.0,False
2026-01-25 05:00:02,2235.53,594.05,2321.88,5.18,43.62,1.0,False
2026-01-25 06:00:03,2239.07,599.19,2322.88,3.54,5.14,1.0,False
2026-01-25 07:00:02,2245.44,657.67,2323.88,6.37,58.47,1.0,False
2026-01-25 08:00:02,2252.26,665.81,2324.88,6.82,8.15,1.0,False
2026-01-25 09:00:02,2279.27,1606.38,2325.88,27.01,940.57,1.0,False
2026-01-25 10:00:02,2311.2,1950.74,2326.88,31.93,344.36,1.0,False
2026-01-25 11:00:02,2341.38,2008.09,2327.88,30.18,57.35,1.0,False
2026-01-25 12:00:02,2371.51,2063.68,2328.88,30.13,55.59,1.0,False
2026-01-25 13:00:02,2391.89,2083.61,2329.88,20.38,19.93,1.0,False
2026-01-25 14:00:02,2428.12,2221.45,2330.88,36.24,137.84,1.0,False
2026-01-25 15:00:02,2455.7,2358.16,2331.88,27.58,136.71,1.0,False
2026-01-25 16:00:03,2490.98,2831.41,2332.88,35.28,473.25,1.0,False
2026-01-25 17:00:02,2819.84,3419.54,2333.88,328.86,588.13,1.0,False
2026-01-25 18:00:03,2898.81,161.43,2334.88,78.97,837.89,1.0,False
2026-01-25 19:00:02,2937.85,1797.92,2335.88,39.05,1636.49,1.0,False
2026-01-25 20:00:02,2990.72,3519.04,2336.88,52.86,1721.12,1.0,False
2026-01-25 21:00:03,3008.91,3590.56,2337.88,18.19,71.52,1.0,False
2026-01-25 22:01:36,3024.11,3627.71,2338.91,15.2,37.14,1.04,False
2026-01-25 23:00:02,3033.15,3645.36,2339.88,9.04,17.66,0.98,False
2026-01-26 00:00:03,3142.42,3656.45,2340.88,109.27,11.09,1.0,False
2026-01-26 01:00:02,3150.03,3663.96,2341.88,7.61,7.5,1.0,False
2026-01-26 02:00:02,3157.7,3673.85,2342.88,7.67,9.89,1.0,False
2026-01-26 03:00:03,3164.27,3681.12,2343.88,6.57,7.28,1.0,False
2026-01-26 04:00:02,3170.86,3687.73,2344.88,6.59,6.61,1.0,False
2026-01-26 05:00:02,3177.31,3693.88,2345.88,6.45,6.15,1.0,False
2026-01-26 06:00:02,3185.32,3713.3,2346.88,8.01,19.42,1.0,False
2026-01-26 07:00:03,3197.92,3743.32,2347.88,12.61,30.02,1.0,False
2026-01-26 08:00:02,3204.59,3750.76,2348.88,6.67,7.44,1.0,False
2026-01-26 09:00:03,3210.85,3761.86,2349.88,6.26,11.1,1.0,False
2026-01-26 10:00:02,3256.59,3986.08,2350.88,45.74,224.22,1.0,False
2026-01-26 11:00:30,3276.76,4023.67,2351.89,20.18,37.59,1.02,False
2026-01-26 12:00:02,3295.44,4077.99,2352.88,18.67,54.32,1.0,False
2026-01-26 13:00:02,3407.83,3.32,2353.88,112.39,21.33,1.0,False
2026-01-26 14:00:02,3423.32,39.01,2354.88,15.49,35.69,1.0,False
2026-01-26 15:00:02,3447.14,280.9,2355.88,23.82,241.89,1.0,False
2026-01-26 16:00:02,3481.86,651.75,2356.88,34.72,370.85,1.0,False
2026-01-26 17:00:02,3538.43,1062.73,2357.88,56.58,410.98,1.0,False
2026-01-26 18:00:03,3581.15,1597.73,2358.88,42.71,535.01,1.0,False
2026-01-26 19:00:02,3626.1,2249.08,2359.88,44.95,651.34,1.0,False
2026-01-26 20:00:02,3663.21,2790.38,2360.88,37.11,541.3,1.0,False
2026-01-26 21:00:02,3690.73,3981.05,2361.88,27.52,1190.67,1.0,False
2026-01-26 22:00:02,3700.91,66.22,2362.88,10.18,181.17,1.0,False
2026-01-26 23:00:02,3704.4,86.22,2363.88,3.49,19.99,1.0,False
2026-01-27 00:00:03,3707.25,93.38,2364.88,2.85,7.16,1.0,False
2026-01-27 01:00:03,3710.54,103.07,2365.88,3.29,9.69,1.0,False
2026-01-27 02:00:02,3714.57,134.82,2366.88,4.03,31.75,1.0,False
2026-01-27 03:00:02,3783.77,346.33,2367.88,69.2,211.51,1.0,False
2026-01-27 04:00:03,3787.4,366.08,2368.88,3.63,19.75,1.0,False
2026-01-27 05:00:02,3790.56,372.78,2369.88,3.16,6.7,1.0,False
2026-01-27 06:00:02,3793.75,379.01,2370.88,3.19,6.23,1.0,False
2026-01-27 07:00:03,3888.32,431.22,2371.88,94.58,52.21,1.0,False
2026-01-27 08:00:02,3901.41,516.81,2372.88,13.08,85.59,1.0,False
2026-01-27 09:00:02,3913.41,1012.62,2373.88,12.0,495.81,1.0,False
2026-01-27 10:00:02,3933.75,1651.86,2374.88,20.34,639.23,1.0,False
2026-01-27 11:00:02,4028.47,2872.15,2375.88,94.72,1220.29,1.0,False
2026-01-27 12:00:03,4077.03,3396.95,2376.88,48.55,524.8,1.0,False
2026-01-27 13:00:02,221.57,3870.71,2377.88,240.54,473.76,1.0,False
2026-01-27 14:00:02,273.96,132.18,2378.88,52.39,357.46,1.0,False
2026-01-27 15:00:02,332.77,597.1,2379.88,58.81,464.92,1.0,False
2026-01-27 16:00:03,678.08,1409.34,2380.88,345.32,812.25,1.0,False
2026-01-27 17:00:02,722.46,2032.58,2381.88,44.37,623.24,1.0,False
2026-01-27 18:00:03,771.15,2550.32,2382.88,48.7,517.74,1.0,False
2026-01-27 19:00:03,876.02,2958.58,2383.88,104.87,408.26,1.0,False
2026-01-27 20:00:02,926.66,3473.98,2384.88,50.64,515.4,1.0,False
2026-01-27 21:00:02,955.67,448.48,2385.88,29.01,1070.51,1.0,False
2026-01-27 22:00:02,977.2,1695.87,2386.88,21.52,1247.38,1.0,False
2026-01-27 23:00:03,987.63,1725.56,2387.88,10.43,29.69,1.0,False
2026-01-28 00:00:02,993.52,1735.91,2388.88,5.89,10.35,1.0,False
2026-01-28 01:00:03,998.45,1746.65,2389.88,4.94,10.74,1.0,False
2026-01-28 02:00:02,1004.5,1849.46,2390.88,6.05,102.81,1.0,False
2026-01-28 03:00:02,1009.8,1887.18,2391.88,5.3,37.71,1.0,False
2026-01-28 04:00:03,1015.43,1985.02,2392.88,5.63,97.84,1.0,False
2026-01-28 05:00:03,1020.59,2002.06,2393.88,5.16,17.03,1.0,False
2026-01-28 06:00:02,1026.48,2103.66,2394.88,5.89,101.61,1.0,False
2026-01-28 07:00:02,1128.38,2116.8,2395.88,101.9,13.13,1.0,False
2026-01-28 09:00:02,1238.81,2747.44,2397.88,110.44,630.64,2.0,False
2026-01-28 10:00:02,1267.9,2821.03,2398.88,29.09,73.59,1.0,False
2026-01-28 11:00:02,1287.81,2845.89,2399.88,19.91,24.86,1.0,False
2026-01-28 12:00:02,1337.54,3363.44,2400.88,49.73,517.55,1.0,False
2026-01-28 13:00:02,1398.17,3582.68,2401.88,60.62,219.24,1.0,False
2026-01-28 14:00:03,1488.91,3827.35,2402.88,90.75,244.68,1.0,False
2026-01-28 15:00:02,1655.02,4007.1,2403.88,166.11,179.74,1.0,False
2026-01-28 16:00:02,1714.83,168.43,2404.88,59.81,257.33,1.0,False
2026-01-28 17:00:02,1981.81,797.0,2405.88,266.98,628.57,1.0,False
2026-01-28 18:00:03,2024.45,1148.41,2406.88,42.64,351.42,1.0,False
2026-01-28 19:00:02,2161.18,1810.51,2407.88,136.73,662.1,1.0,False
2026-01-28 20:00:02,2205.14,2705.06,2408.88,43.96,894.55,1.0,False
2026-01-28 21:00:02,2589.27,3368.44,2409.88,384.14,663.38,1.0,False
2026-01-28 22:00:02,2631.91,1112.11,2410.88,42.64,1839.67,1.0,False
2026-01-28 23:00:02,2688.27,1387.21,2411.88,56.36,275.1,1.0,False
2026-01-29 00:00:03,2693.1,1397.15,2412.88,4.83,9.95,1.0,False
2026-01-29 01:00:02,2697.45,1403.32,2413.88,4.35,6.16,1.0,False
2026-01-29 02:00:02,2710.04,1970.32,2414.88,12.6,567.01,1.0,False
2026-01-29 03:00:02,2715.44,1992.85,2415.88,5.39,22.53,1.0,False
2026-01-29 04:00:02,2720.44,2002.71,2416.88,5.0,9.85,1.0,False
2026-01-29 05:00:03,2725.67,2065.23,2417.88,5.23,62.53,1.0,False
2026-01-29 06:00:02,2733.28,2201.94,2418.88,7.61,136.71,1.0,False
2026-01-29 07:00:02,2822.52,2416.3,2419.88,89.25,214.36,1.0,False
2026-01-29 08:00:02,2875.66,3461.07,2420.88,53.14,1044.77,1.0,False
2026-01-29 09:00:02,2928.58,36.66,2421.88,52.91,671.59,1.0,False
2026-01-29 10:00:03,2967.0,897.33,2422.88,38.43,860.66,1.0,False
2026-01-29 11:00:02,3000.57,1401.44,2423.88,33.57,504.11,1.0,False
2026-01-29 12:00:02,3085.72,2144.12,2424.88,85.14,742.68,1.0,False
2026-01-29 13:00:03,3141.83,2604.99,2425.88,56.12,460.88,1.0,False
2026-01-29 14:00:02,3182.98,2627.92,2426.88,41.15,22.93,1.0,False
2026-01-29 15:00:02,3239.96,2781.8,2427.88,56.98,153.88,1.0,False
2026-01-29 16:00:02,3266.46,3293.02,2428.88,26.5,511.22,1.0,False
2026-01-29 17:00:03,3374.39,4058.19,2429.88,107.93,765.17,1.0,False
2026-01-29 18:00:03,3412.69,726.52,2430.88,38.31,764.33,1.0,False
2026-01-29 19:00:02,3441.52,771.61,2431.88,28.82,45.09,1.0,False
2026-01-29 20:00:02,3565.74,853.2,2432.88,124.22,81.59,1.0,False
2026-01-29 21:00:03,3616.52,1569.73,2433.88,50.78,716.53,1.0,False
2026-01-29 22:00:02,3713.37,2310.39,2434.88,96.85,740.66,1.0,False
2026-01-29 23:00:02,3779.52,2695.82,2435.88,66.15,385.43,1.0,False
2026-01-30 00:00:03,3788.52,2713.45,2436.88,9.0,17.63,1.0,False
2026-01-30 01:00:02,3800.71,2751.78,2437.88,12.19,38.33,1.0,False
2026-01-30 02:00:02,3808.54,2919.97,2438.88,7.83,168.19,1.0,False
2026-01-30 03:00:02,3820.93,3325.62,2439.88,12.38,405.65,1.0,False
2026-01-30 04:00:02,3827.04,3336.49,2440.88,6.11,10.87,1.0,False
2026-01-30 05:00:02,3832.91,3480.27,2441.88,5.88,143.78,1.0,False
2026-01-30 06:00:02,3838.96,3629.99,2442.88,6.04,149.73,1.0,False
2026-01-30 07:00:02,3945.4,3760.87,2443.88,106.45,130.87,1.0,False
2026-01-30 08:00:02,3955.93,4094.6,2444.88,10.53,333.74,1.0,False
2026-01-30 09:00:02,4003.91,2111.3,2445.88,47.98,2112.69,1.0,False
2026-01-30 10:00:02,54.15,2798.71,2446.88,146.24,687.42,1.0,False
2026-01-30 11:03:26,145.82,3272.22,2447.94,91.66,473.5,1.06,False
2026-01-30 12:00:02,221.93,3466.43,2448.88,76.11,194.22,0.95,False
2026-01-30 13:00:02,249.15,3754.57,2449.88,27.22,288.14,1.0,False
2026-01-30 14:00:02,299.62,219.86,2450.88,50.48,561.29,1.0,False
2026-01-30 15:00:02,356.61,1208.41,2451.88,56.98,988.56,1.0,False
2026-01-30 16:00:02,412.99,1610.59,2452.88,56.38,402.18,1.0,False
2026-01-30 17:00:03,471.46,2306.03,2453.88,58.47,695.44,1.0,False
2026-01-30 18:00:02,526.79,266.42,2454.88,55.33,2056.39,1.0,False
2026-01-30 19:00:02,553.21,2006.19,2455.88,26.42,1739.77,1.0,False
2026-01-30 20:00:02,576.67,2942.16,2456.88,23.46,935.96,1.0,False
2026-01-30 21:00:02,618.96,3041.03,2457.88,42.28,98.87,1.0,False
2026-01-30 22:00:02,663.65,3255.28,2458.88,44.69,214.25,1.0,False
2026-01-30 23:00:02,745.52,3309.3,2459.88,81.87,54.02,1.0,False
2026-01-31 00:00:02,752.18,3317.21,2460.88,6.67,7.91,1.0,False
2026-01-31 01:00:02,757.54,3325.71,2461.88,5.36,8.5,1.0,False
2026-01-31 02:00:02,762.73,3333.88,2462.88,5.18,8.17,1.0,False
2026-01-31 03:00:02,768.09,3340.75,2463.88,5.37,6.87,1.0,False
2026-01-31 04:00:02,773.19,3352.03,2464.88,5.1,11.27,1.0,False
2026-01-31 05:00:03,778.62,3358.44,2465.88,5.42,6.41,1.0,False
2026-01-31 06:00:02,783.95,3365.22,2466.88,5.33,6.78,1.0,False
2026-01-31 07:00:03,972.93,3379.21,2467.88,188.98,13.99,1.0,False
2026-01-31 08:00:02,994.54,3445.47,2468.88,21.62,66.27,1.0,False
2026-01-31 09:00:02,1910.27,4024.55,2469.88,915.73,579.07,1.0,False
2026-01-31 10:00:03,2063.57,603.85,2470.88,153.3,675.3,1.0,False
2026-01-31 11:00:03,2130.72,1160.77,2471.88,67.14,556.92,1.0,False
2026-01-31 12:00:02,2224.08,2160.06,2472.88,93.36,999.29,1.0,False
2026-01-31 13:00:02,2340.67,2766.72,2473.88,116.59,606.66,1.0,False
2026-01-31 14:00:03,2379.74,2894.61,2474.88,39.07,127.89,1.0,False
2026-01-31 15:00:02,2439.44,3409.52,2475.88,59.7,514.91,1.0,False
2026-01-31 16:00:02,2501.36,245.13,2476.88,61.92,931.61,1.0,False
2026-01-31 17:00:02,2527.84,886.4,2477.88,26.47,641.27,1.0,False
2026-01-31 18:00:02,2548.12,1335.12,2478.88,20.28,448.72,1.0,False
2026-01-31 19:00:02,2610.46,1744.56,2479.88,62.34,409.44,1.0,False
2026-01-31 20:00:03,2677.54,2142.05,2480.88,67.09,397.49,1.0,False
2026-01-31 21:00:02,2755.84,3599.06,2481.88,78.3,1457.02,1.0,False
2026-01-31 22:00:03,2802.94,189.15,2482.88,47.1,686.09,1.0,False
2026-01-31 23:00:02,2812.34,232.68,2483.88,9.4,43.52,1.0,False
2026-02-01 00:00:02,2816.98,237.9,2484.88,4.64,5.22,1.0,False
2026-02-01 01:00:02,2820.55,244.56,2485.88,3.58,6.65,1.0,False
2026-02-01 02:00:02,2824.35,249.83,2486.88,3.8,5.27,1.0,False
2026-02-01 03:00:02,2828.27,272.87,2487.88,3.93,23.04,1.0,False
2026-02-01 04:00:02,2833.51,355.97,2488.88,5.23,83.1,1.0,False
2026-02-01 05:00:02,2838.03,448.48,2489.88,4.52,92.52,1.0,False
2026-02-01 06:00:03,2841.03,451.28,2490.88,3.0,2.79,1.0,False
2026-02-01 07:00:02,2908.86,460.8,2491.88,67.83,9.52,1.0,False
2026-02-01 08:01:30,2928.45,494.29,2492.91,19.59,33.5,1.03,False
2026-02-01 09:00:02,2960.72,1001.73,2493.88,32.27,507.44,0.98,False
2026-02-01 10:00:02,3110.79,1031.08,2494.88,150.07,29.35,1.0,False
2026-02-01 11:00:02,3137.47,1124.66,2495.88,26.69,93.58,1.0,False
2026-02-01 12:00:02,3173.3,1216.63,2496.88,35.83,91.97,1.0,False
2026-02-01 13:00:03,3218.95,1415.05,2497.88,45.65,198.42,1.01,False
2026-02-01 14:00:02,3326.44,1977.57,2498.88,107.49,562.53,1.0,False
2026-02-01 15:00:02,3398.56,2437.17,2499.88,72.12,459.6,1.0,False
2026-02-01 16:00:02,3419.98,2498.0,2500.88,21.42,60.83,1.0,False
2026-02-01 17:00:02,3438.11,2600.55,2501.88,18.14,102.55,1.0,False
2026-02-01 18:00:02,3460.23,2713.91,2502.88,22.12,113.36,1.0,False
2026-02-01 19:00:02,3619.61,1141.53,2503.88,159.38,2523.62,1.0,False
2026-02-01 20:00:02,3651.3,2191.36,2504.88,31.69,1049.82,1.0,False
2026-02-01 21:00:03,3684.23,3832.22,2505.88,32.93,1640.86,1.0,False
2026-02-01 22:00:02,3705.69,740.62,2506.88,21.46,1004.41,1.0,False
2026-02-01 23:00:02,3731.7,778.31,2507.88,26.01,37.69,1.0,False
2026-02-02 00:00:03,3736.7,785.31,2508.88,5.01,7.0,1.0,False
2026-02-02 01:00:02,3741.77,792.56,2509.88,5.07,7.24,1.0,False
2026-02-02 02:00:02,3747.18,825.83,2510.88,5.4,33.27,1.0,False
2026-02-02 03:00:02,3753.76,889.26,2511.88,6.58,63.43,1.0,False
2026-02-02 04:00:02,4075.34,914.31,2512.88,321.59,25.05,1.0,False
2026-02-02 05:00:02,2.71,3130.4,2513.88,23.36,2216.1,1.0,False
2026-02-02 06:00:03,7.34,3134.47,2514.88,4.64,4.06,1.0,False
2026-02-02 07:00:02,62.84,3146.61,2515.88,55.5,12.14,1.0,False
2026-02-02 08:00:02,75.39,3206.66,2516.88,12.55,60.05,1.0,False
2026-02-02 09:00:03,91.33,3245.67,2517.88,15.94,39.01,1.0,False
2026-02-02 10:00:02,113.1,3357.49,2518.88,21.77,111.82,1.0,False
2026-02-02 11:00:03,125.66,3394.95,2519.88,12.57,37.46,1.0,False
2026-02-02 12:00:02,137.66,3434.81,2520.88,12.0,39.87,1.0,False
2026-02-02 13:00:03,165.69,3626.98,2521.88,28.03,192.17,1.0,False
2026-02-02 14:00:02,217.9,3748.4,2522.88,52.21,121.42,1.0,False
2026-02-02 15:00:02,244.45,3896.77,2523.88,26.55,148.37,1.0,False
2026-02-02 16:00:03,278.9,8.16,2524.88,34.45,207.39,1.0,False
2026-02-02 17:00:03,305.64,638.35,2525.88,26.74,630.2,1.0,False
2026-02-02 18:00:02,367.42,1026.36,2526.88,61.79,388.0,1.0,False
2026-02-02 19:00:02,431.41,1360.16,2527.88,63.99,333.8,1.0,False
2026-02-02 20:00:03,569.03,1684.38,2528.88,137.62,324.22,1.0,False
2026-02-02 21:00:02,666.43,2286.56,2529.88,97.4,602.18,1.0,False
2026-02-02 22:00:02,694.19,2405.57,2530.88,27.76,119.02,1.0,False
2026-02-02 23:00:02,699.09,2412.59,2531.88,4.9,7.02,1.0,False
2026-02-03 00:00:03,704.25,2421.47,2532.88,5.16,8.88,1.0,False
2026-02-03 01:00:02,711.68,2443.75,2533.88,7.44,22.28,1.0,False
2026-02-03 02:00:02,718.88,2496.23,2534.88,7.2,52.48,1.0,False
2026-02-03 03:00:02,726.56,2571.05,2535.88,7.67,74.82,1.0,False
2026-02-03 04:00:02,736.79,2680.78,2536.88,10.24,109.73,1.0,False
2026-02-03 05:00:03,743.62,2699.95,2537.88,6.83,19.17,1.0,False
2026-02-03 06:00:03,752.37,2877.04,2538.88,8.75,177.1,1.0,False
2026-02-03 07:00:02,816.03,2893.65,2539.88,63.65,16.61,1.0,False
2026-02-03 08:00:02,841.77,3015.4,2540.88,25.74,121.75,1.0,False
2026-02-03 09:00:03,857.45,3093.27,2541.88,15.69,77.87,1.0,False
2026-02-03 10:00:02,866.43,3112.13,2542.88,8.98,18.86,1.0,False
2026-02-03 11:00:02,872.45,3117.84,2543.88,6.02,5.71,1.0,False
2026-02-03 12:00:02,895.07,3395.95,2544.88,22.62,278.1,1.0,False
2026-02-03 13:00:02,920.02,3426.61,2545.88,24.95,30.67,1.0,False
2026-02-03 14:00:03,955.92,3461.37,2546.88,35.89,34.76,1.0,False
2026-02-03 15:00:02,1036.54,3612.18,2547.88,80.62,150.81,1.0,False
2026-02-03 16:00:02,1067.28,3823.36,2548.88,30.75,211.18,1.0,False
2026-02-03 17:00:02,1083.38,3893.5,2549.88,16.1,70.14,1.0,False
2026-02-03 18:00:03,1151.98,428.81,2550.88,68.6,631.31,1.0,False
2026-02-03 19:00:02,1256.08,1193.58,2551.88,104.1,764.78,1.0,False
2026-02-03 20:00:02,1331.42,1426.42,2552.88,75.34,232.83,1.0,False
2026-02-03 21:00:02,1391.59,2369.08,2553.88,60.17,942.66,1.0,False
2026-02-03 22:00:02,1409.37,3021.2,2554.88,17.78,652.13,1.0,False
2026-02-03 23:00:02,1417.69,3040.92,2555.88,8.32,19.72,1.0,False
2026-02-04 00:00:02,1421.42,3047.21,2556.88,3.73,6.29,1.0,False
2026-02-04 01:00:02,1425.78,3058.19,2557.88,4.36,10.98,1.0,False
2026-02-04 02:00:02,1429.68,3062.15,2558.88,3.9,3.96,1.0,False
2026-02-04 03:00:03,1433.53,3066.95,2559.88,3.85,4.79,1.0,False
2026-02-04 04:00:02,1437.99,3091.47,2560.88,4.46,24.52,1.0,False
2026-02-04 05:00:02,1442.28,3102.02,2561.88,4.29,10.55,1.0,False
2026-02-04 06:00:03,1446.72,3108.86,2562.88,4.44,6.84,1.0,False
2026-02-04 07:00:02,1521.56,3120.22,2563.88,74.83,11.36,1.0,False
2026-02-04 08:00:02,1542.98,3220.24,2564.88,21.42,100.02,1.0,False
2026-02-04 09:00:02,1561.12,3342.94,2565.88,18.14,122.7,1.0,False
2026-02-04 10:00:02,1563.78,3351.23,2566.88,2.67,8.29,1.0,False
2026-02-04 11:00:03,1565.21,3352.49,2567.88,1.43,1.27,1.0,False
2026-02-04 12:00:02,1566.66,3353.61,2568.88,1.44,1.12,1.0,False
2026-02-04 13:00:02,1568.07,3355.88,2569.88,1.41,2.27,1.0,False
2026-02-04 14:00:02,1570.21,3358.99,2570.88,2.14,3.11,1.0,False
2026-02-04 15:00:03,1571.87,3360.54,2571.88,1.66,1.55,1.0,False
2026-02-04 16:00:02,1584.56,3595.42,2572.88,12.69,234.89,1.0,False
2026-02-04 17:00:02,1604.41,144.34,2573.88,19.85,644.92,1.0,False
2026-02-04 18:00:02,1627.5,597.66,2574.88,23.09,453.32,1.0,False
2026-02-04 19:00:02,1690.49,1529.88,2575.88,62.99,932.22,1.0,False
2026-02-04 20:00:02,1753.27,2147.62,2576.88,62.79,617.74,1.0,False
2026-02-04 21:00:02,1877.27,2265.81,2577.88,124.0,118.2,1.0,False
2026-02-04 22:00:02,1904.33,2696.53,2578.88,27.06,430.71,1.0,False
2026-02-04 23:00:02,1909.93,2784.97,2579.88,5.59,88.44,1.0,False
2026-02-05 00:00:03,1912.5,2788.15,2580.88,2.57,3.18,1.0,False
2026-02-05 01:00:02,1915.29,2801.23,2581.88,2.8,13.08,1.0,False
2026-02-05 02:00:02,1918.74,2863.48,2582.88,3.45,62.25,1.0,False
2026-02-05 03:00:02,1921.55,2883.97,2583.88,2.81,20.49,1.0,False
2026-02-05 04:00:02,1925.05,2909.06,2584.88,3.5,25.1,1.0,False
2026-02-05 05:00:02,1928.83,2957.69,2585.88,3.78,48.63,1.0,False
2026-02-05 06:00:02,1932.24,2987.67,2586.88,3.41,29.98,1.0,False
2026-02-05 07:00:02,1997.36,3061.26,2587.88,65.12,73.59,1.0,False
2026-02-05 08:00:02,2018.64,3309.66,2588.88,21.28,248.4,1.0,False
2026-02-05 09:00:02,2033.99,3378.42,2589.88,15.35,68.76,1.0,False
2026-02-05 10:00:02,2045.54,3461.49,2590.88,11.56,83.07,1.0,False
2026-02-05 11:00:02,2050.37,3465.12,2591.88,4.83,3.63,1.0,False
2026-02-05 12:00:02,2059.49,3582.91,2592.88,9.12,117.78,1.0,False
2026-02-05 13:00:02,2067.47,3610.0,2593.88,7.97,27.09,1.0,False
2026-02-05 14:00:03,2076.52,3652.68,2594.88,9.05,42.68,1.0,False
2026-02-05 15:00:03,2100.1,3704.49,2595.88,23.58,51.81,1.0,False
2026-02-05 16:00:02,2106.93,3724.23,2596.88,6.83,19.74,1.0,False
2026-02-05 17:00:02,2133.27,3970.61,2597.88,26.34,246.38,1.0,False
2026-02-05 18:00:02,2165.8,684.08,2598.88,32.54,809.47,1.0,False
2026-02-05 19:00:02,2239.11,1399.18,2599.88,73.3,715.1,1.0,False
2026-02-05 20:00:03,2306.4,2016.03,2600.88,67.29,616.85,1.0,False
2026-02-05 21:00:02,2360.99,2659.35,2601.88,54.59,643.32,1.0,False
2026-02-05 22:00:02,2487.08,2836.96,2602.88,126.09,177.61,1.0,False
2026-02-05 23:00:02,2492.25,2845.34,2603.88,5.17,8.38,1.0,False
2026-02-06 00:00:03,2497.25,2854.15,2604.88,4.99,8.81,1.0,False
2026-02-06 01:00:02,2504.02,2914.57,2605.88,6.77,60.43,1.0,False
2026-02-06 02:00:02,2508.13,2919.06,2606.88,4.11,4.49,1.0,False
2026-02-06 03:00:02,2512.98,2926.89,2607.88,4.86,7.83,1.0,False
2026-02-06 04:00:02,2517.58,2936.86,2608.88,4.6,9.97,1.0,False
2026-02-06 05:00:02,2522.66,2944.26,2609.88,5.08,7.4,1.0,False
2026-02-06 06:00:02,2527.99,3012.01,2610.88,5.32,67.75,1.0,False
2026-02-06 07:00:02,2539.55,3036.85,2611.88,11.56,24.84,1.0,False
2026-02-06 08:00:02,2595.3,3184.48,2612.88,55.75,147.63,1.0,False
2026-02-06 09:00:02,2601.18,3210.64,2613.88,5.88,26.15,1.0,False
2026-02-06 10:00:02,2618.7,3285.14,2614.88,17.52,74.5,1.0,False
2026-02-06 11:00:02,2638.65,3300.18,2615.88,19.95,15.04,1.0,False
2026-02-06 12:00:02,2674.76,3505.29,2616.88,36.11,205.11,1.0,False
2026-02-06 13:00:02,2699.22,3808.01,2617.88,24.46,302.72,1.01,False
2026-02-06 14:00:03,2715.75,3827.67,2618.88,16.54,19.66,1.01,False
2026-02-06 15:00:03,2733.63,3874.14,2619.88,17.87,46.47,1.0,False
2026-02-06 16:00:02,2758.6,3917.3,2620.88,24.97,43.16,1.0,False
2026-02-06 17:00:03,2783.13,3940.83,2621.88,24.53,23.53,1.0,False
2026-02-06 18:00:03,2789.5,3951.17,2622.88,6.37,10.33,1.0,False
2026-02-06 19:00:03,2799.66,3971.27,2623.88,10.16,20.11,1.0,False
2026-02-06 20:00:03,2821.32,325.26,2624.88,21.66,449.99,1.0,False
2026-02-06 21:00:03,2860.93,1521.26,2625.88,39.61,1196.0,1.0,False
2026-02-06 22:00:03,2933.42,4014.89,2626.88,72.49,2493.62,1.0,False
2026-02-06 23:00:03,3016.83,670.38,2627.88,83.41,751.49,1.0,False
2026-02-07 00:00:03,3034.79,1673.57,2628.88,17.95,1003.19,1.0,False
2026-02-07 01:00:03,3039.36,1680.51,2629.88,4.58,6.94,1.0,False
2026-02-07 02:00:03,3042.55,1685.43,2630.88,3.19,4.92,1.0,False
2026-02-07 03:00:03,3046.71,1712.24,2631.88,4.16,26.81,1.0,False
2026-02-07 04:00:03,3050.0,1717.46,2632.88,3.28,5.22,1.0,False
2026-02-07 05:00:03,3055.1,1820.89,2633.88,5.1,103.43,1.0,False
2026-02-07 06:00:03,3060.1,1914.71,2634.88,5.0,93.83,1.0,False
2026-02-07 07:00:03,3078.4,1971.05,2635.88,18.3,56.34,1.0,False
2026-02-07 08:00:03,3108.08,2025.84,2636.88,29.68,54.79,1.0,False
2026-02-07 09:00:03,3181.37,3175.65,2637.88,73.29,1149.81,1.0,False
2026-02-07 10:00:03,3243.79,3555.39,2638.88,62.41,379.74,1.0,False
2026-02-07 11:00:03,3292.14,738.26,2639.88,48.35,1278.87,1.01,False
2026-02-07 12:00:03,3304.51,746.41,2640.88,12.37,8.16,1.0,False
2026-02-07 13:00:03,3308.45,750.76,2641.88,3.94,4.34,1.0,False
2026-02-07 14:00:02,3312.92,754.3,2642.88,4.47,3.54,1.0,False
2026-02-07 15:00:03,3318.24,760.84,2643.88,5.32,6.55,1.0,False
2026-02-07 16:00:03,3322.81,766.91,2644.88,4.57,6.07,1.0,False
2026-02-07 17:00:03,3326.51,771.09,2645.88,3.7,4.18,1.0,False
2026-02-07 18:00:03,3367.26,847.25,2646.88,40.74,76.16,1.0,False
2026-02-07 19:00:03,3462.0,1474.53,2647.88,94.75,627.29,1.0,False
2026-02-07 20:00:03,3532.92,1889.42,2648.88,70.92,414.88,1.0,False
2026-02-07 21:00:03,3577.44,2569.28,2649.88,44.52,679.87,1.0,False
2026-02-07 22:00:03,3856.8,3272.41,2650.88,279.36,703.13,1.0,False
2026-02-07 23:00:03,30.7,3487.64,2651.88,269.9,215.22,1.0,False
2026-02-08 00:00:03,36.0,3496.52,2652.88,5.29,8.88,1.0,False
2026-02-08 01:00:03,40.28,3502.65,2653.88,4.28,6.13,1.0,False
2026-02-08 02:00:03,45.92,3571.21,2654.88,5.64,68.56,1.0,False
2026-02-08 03:00:03,52.18,3647.75,2655.88,6.26,76.54,1.0,False
2026-02-08 04:00:02,58.38,3774.8,2656.88,6.2,127.05,1.0,False
2026-02-08 05:00:03,69.0,83.69,2657.88,10.62,404.89,1.01,False
2026-02-08 06:00:03,84.81,725.2,2658.88,15.82,641.52,1.0,False
2026-02-08 07:00:03,89.53,735.22,2659.88,4.71,10.02,1.0,False
2026-02-08 08:00:03,99.0,972.54,2660.88,9.47,237.32,1.01,False
2026-02-08 09:00:02,126.65,1754.69,2661.88,27.65,782.15,1.0,False
2026-02-08 10:00:03,181.97,2289.82,2662.88,55.31,535.13,1.01,False
2026-02-08 11:00:03,218.16,3038.15,2663.88,36.2,748.33,1.0,False
2026-02-08 12:00:03,270.38,3718.65,2664.88,52.22,680.5,1.0,False
2026-02-08 13:00:03,327.69,4002.56,2665.88,57.31,283.91,1.01,False
2026-02-08 15:00:03,451.01,465.14,2667.88,123.32,558.58,2.01,False
2026-02-08 16:00:02,527.35,974.47,2668.88,76.34,509.33,1.0,False
2026-02-08 17:00:03,529.51,976.48,2669.88,2.16,2.01,1.01,False
2026-02-08 18:00:03,531.35,978.6,2670.88,1.84,2.12,1.01,False
2026-02-08 19:00:03,546.06,1199.62,2671.88,14.7,221.02,1.0,False
2026-02-08 20:00:03,635.92,1564.34,2672.88,89.86,364.72,1.0,False
2026-02-08 21:00:03,694.11,2256.96,2673.88,58.2,692.62,1.0,False
2026-02-08 22:00:03,763.83,3442.34,2674.88,69.72,1185.39,1.0,False
2026-02-08 23:00:03,817.45,3559.87,2675.88,53.62,117.53,1.01,False
2026-02-09 00:00:03,821.86,3565.86,2676.88,4.41,5.99,1.01,False
2026-02-09 01:00:03,828.37,3574.06,2677.88,6.51,8.21,1.0,False
2026-02-09 02:00:03,835.12,3580.76,2678.88,6.74,6.7,1.0,False
2026-02-09 03:00:03,840.01,3588.06,2679.88,4.9,7.29,1.0,False
2026-02-09 04:00:03,844.65,3594.44,2680.88,4.64,6.38,1.01,False
2026-02-09 05:00:02,851.15,3636.3,2681.88,6.5,41.86,1.0,False
2026-02-09 06:00:03,856.78,3643.06,2682.88,5.64,6.76,1.01,False
2026-02-09 07:00:03,863.5,3670.47,2683.88,6.72,27.41,1.01,False
2026-02-09 08:00:03,868.57,3676.56,2684.88,5.07,6.09,1.01,False
2026-02-09 09:00:03,911.94,3890.79,2685.88,43.37,214.23,1.01,False
2026-02-09 10:00:03,1009.72,418.48,2686.88,97.78,623.69,1.0,False
2026-02-09 11:00:03,1049.45,1212.12,2687.88,39.74,793.64,1.01,False
2026-02-09 12:00:02,1218.69,2180.4,2688.88,169.24,968.27,1.0,False
2026-02-09 13:00:03,1227.77,2217.52,2689.88,9.08,37.13,1.01,False
2026-02-09 14:00:02,1231.89,2221.44,2690.88,4.12,3.92,1.0,False
2026-02-09 15:00:03,1234.68,2224.69,2691.88,2.78,3.25,1.01,False
2026-02-09 16:00:02,1237.31,2227.94,2692.88,2.63,3.25,1.0,False
2026-02-09 17:00:03,1241.4,2266.68,2693.88,4.09,38.74,1.01,False
2026-02-09 18:00:03,1244.13,2275.04,2694.88,2.73,8.36,1.0,False
2026-02-09 19:00:03,1291.96,3112.4,2695.88,47.83,837.35,1.01,False
2026-02-09 20:00:03,1362.6,3806.02,2696.88,70.64,693.62,1.0,False
2026-02-09 21:00:03,1477.04,946.13,2697.88,114.44,1236.11,1.0,False
2026-02-09 22:00:02,1532.19,1913.41,2698.88,55.16,967.28,1.0,False
2026-02-09 23:00:03,1637.67,2025.93,2699.88,105.47,112.52,1.01,False
2026-02-10 00:00:03,1642.19,2031.02,2700.88,4.52,5.09,1.01,False
2026-02-10 01:00:03,1647.39,2036.83,2701.88,5.2,5.81,1.01,False
2026-02-10 02:00:03,1652.68,2049.09,2702.88,5.29,12.26,1.01,False
2026-02-10 03:00:02,1657.97,2054.93,2703.88,5.29,5.84,1.0,False
2026-02-10 04:00:03,1662.27,2061.16,2704.88,4.3,6.23,1.01,False
2026-02-10 05:00:03,1668.34,2130.73,2705.88,6.07,69.57,1.0,False
2026-02-10 06:00:03,1673.19,2135.2,2706.88,4.85,4.48,1.01,False
2026-02-10 07:00:02,1678.51,2143.35,2707.88,5.32,8.15,1.0,False
2026-02-10 08:00:03,1684.93,2151.92,2708.88,6.42,8.57,1.01,False
2026-02-10 09:00:03,1714.13,2717.57,2709.88,29.19,565.65,1.01,False
2026-02-10 10:00:03,1812.61,3132.73,2710.88,98.48,415.16,1.0,False
2026-02-10 11:00:03,1858.31,3959.11,2711.88,45.71,826.38,1.01,False
2026-02-10 12:00:03,1916.76,723.23,2712.88,58.45,860.12,1.0,False
2026-02-10 13:00:02,1961.9,935.21,2713.88,45.14,211.98,1.0,False
2026-02-10 14:00:03,2003.69,1085.01,2714.88,41.79,149.81,1.01,False
2026-02-10 15:00:03,2067.12,1594.01,2715.88,63.43,509.0,1.0,False
2026-02-10 16:00:03,2125.98,2762.26,2716.88,58.86,1168.25,1.01,False
2026-02-10 17:00:03,2177.43,2877.21,2717.88,51.45,114.95,1.0,False
2026-02-10 18:00:03,,,,,,1.01,False
2026-02-13 03:00:03,517.6,,,517.6,,57.01,False
2026-02-22 10:27:34,1331.46,615.06,2999.33,813.85,615.06,223.46,False
2026-02-22 11:00:03,1366.46,839.88,2999.87,35.0,224.82,0.55,False
2026-02-22 12:00:03,1438.87,3252.45,3000.87,72.41,2412.56,1.01,False
2026-02-22 13:00:04,1499.01,3577.66,3001.88,60.14,325.22,1.01,False
2026-02-22 14:00:04,1528.66,53.07,3002.88,29.65,571.41,1.01,False
2026-02-22 15:00:04,1600.99,408.49,3003.88,72.33,355.43,1.01,False
2026-02-22 16:00:04,1699.9,1019.29,3004.88,98.91,610.79,1.01,False
2026-02-22 17:00:04,1719.95,1056.15,3005.88,20.05,36.86,1.01,False
2026-02-22 18:00:04,1721.99,1058.88,3006.88,2.03,2.73,1.01,False
2026-02-22 19:00:04,1740.22,1115.8,3007.88,18.24,56.92,1.01,False
2026-02-22 20:00:04,1782.78,1300.96,3008.88,42.55,185.16,1.01,False
2026-02-22 21:00:03,1810.25,1402.01,3009.88,27.48,101.06,1.01,False
2026-02-22 22:00:04,1821.5,1427.96,3010.88,11.24,25.94,1.01,False
2026-02-22 23:00:04,1902.94,1499.07,3011.88,81.44,71.11,1.01,False
2026-02-23 00:00:04,1933.97,1508.81,3012.88,31.03,9.74,1.01,False
2026-02-23 01:00:04,1938.9,1514.36,3013.88,4.93,5.55,1.01,False
2026-02-23 02:00:04,1944.11,1525.72,3014.88,5.22,11.36,1.01,False
2026-02-23 03:00:04,1950.72,1584.36,3015.88,6.61,58.63,1.01,False
2026-02-23 04:00:04,1956.36,1614.16,3016.88,5.64,29.81,1.01,False
2026-02-23 05:00:04,1962.17,1619.65,3017.88,5.8,5.49,1.01,False
2026-02-23 06:00:04,1969.82,1703.27,3018.88,7.66,83.61,1.01,False
2026-02-23 07:00:04,1977.78,1755.21,3019.88,7.96,51.95,1.01,False
2026-02-23 08:00:04,1999.39,1882.14,3020.88,21.6,126.93,1.01,False
2026-02-23 09:00:04,2027.4,1911.46,3021.88,28.01,29.31,1.01,False
2026-02-23 10:00:03,2041.36,1961.78,3022.87,13.96,50.32,1.01,False
2026-02-23 11:00:03,2058.55,2020.28,3023.87,17.19,58.5,1.01,False
2026-02-23 12:00:04,2082.7,2195.52,3024.87,24.15,175.24,1.01,False
2026-02-23 13:00:04,2107.34,2375.37,3025.87,24.65,179.85,1.01,False
2026-02-23 14:00:03,2126.24,2527.63,3026.87,18.9,152.26,1.01,False
2026-02-23 15:00:03,2183.97,3486.07,3027.87,57.73,958.44,1.01,False
2026-02-23 16:00:03,2398.45,4083.67,3028.87,214.47,597.6,1.01,False
2026-02-23 17:00:03,2415.38,59.91,3029.87,16.94,72.24,1.01,False
2026-02-23 18:00:03,2433.51,134.54,3030.87,18.12,74.63,1.01,False
2026-02-23 19:00:04,2454.43,1048.13,3031.87,20.93,913.59,1.01,False
2026-02-23 20:00:04,2489.98,1524.26,3032.87,35.55,476.13,1.01,False
2026-02-23 21:00:03,2514.0,1831.95,3033.87,24.02,307.69,1.01,False
2026-02-23 22:00:04,2587.61,1876.94,3034.87,73.62,44.99,1.01,False
2026-02-23 23:00:04,2814.85,1897.26,3035.87,227.23,20.32,1.01,False
2026-02-24 00:00:03,2818.74,1902.24,3036.87,3.89,4.98,1.01,False
2026-02-24 01:00:03,2823.67,1917.53,3037.87,4.94,15.3,1.01,False
2026-02-24 02:00:04,2829.02,1926.02,3038.87,5.34,8.49,1.01,False
2026-02-24 03:00:03,2835.81,1995.52,3039.87,6.79,69.5,1.01,False
2026-02-24 04:00:04,2844.24,2079.8,3040.87,8.44,84.28,1.01,False
2026-02-24 05:00:03,2850.71,2134.96,3041.87,6.47,55.16,1.01,False
2026-02-24 06:00:03,2854.59,2140.93,3042.87,3.88,5.97,1.01,False
2026-02-24 07:00:03,2862.63,2169.49,3043.87,8.04,28.55,1.01,False
2026-02-24 08:00:04,2867.59,2196.81,3044.87,4.96,27.32,1.01,False
2026-02-24 09:00:04,2869.31,2199.46,3045.87,1.72,2.66,1.01,False
2026-02-24 10:00:04,2870.78,2203.4,3046.87,1.47,3.93,1.01,False
2026-02-24 11:00:03,2872.34,2207.56,3047.87,1.55,4.16,1.01,False
2026-02-24 12:00:03,2874.08,2210.65,3048.87,1.74,3.09,1.01,False
2026-02-24 13:00:03,2909.82,2601.28,3049.87,35.74,390.62,1.01,False
2026-02-24 14:00:03,2940.95,2975.75,3050.87,31.13,374.48,1.01,False
2026-02-24 15:00:03,2963.52,3150.3,3051.87,22.57,174.54,1.01,False
2026-02-24 16:00:03,2996.06,3616.4,3052.87,32.54,466.11,1.01,False
2026-02-24 17:00:03,3117.74,3764.28,3053.87,121.68,147.88,1.01,False
2026-02-24 18:00:04,3218.5,4062.34,3054.87,100.76,298.06,1.01,False
2026-02-24 19:00:03,3303.68,1581.49,3055.87,85.18,1615.16,1.01,False
2026-02-24 20:00:03,3437.65,2409.48,3056.87,133.97,827.98,1.01,False
2026-02-24 21:00:03,3461.05,2551.76,3057.87,23.39,142.29,1.01,False
2026-02-24 22:00:03,3477.29,2612.17,3058.87,16.24,60.4,1.01,False
2026-02-24 23:00:04,3562.84,3352.94,3059.87,85.55,740.77,1.01,False
2026-02-25 00:00:03,3588.13,297.58,3060.87,25.29,1040.64,1.01,False
2026-02-25 01:00:04,3595.5,307.68,3061.87,7.36,10.1,1.01,False
2026-02-25 02:00:04,3603.14,318.53,3062.87,7.65,10.85,1.01,False
2026-02-25 03:00:03,3610.55,362.73,3063.87,7.41,44.21,1.01,False
2026-02-25 04:00:03,3618.88,434.22,3064.87,8.34,71.49,1.01,False
2026-02-25 05:00:03,3626.34,446.76,3065.87,7.45,12.54,1.01,False
2026-02-25 06:00:03,3634.86,468.8,3066.87,8.52,22.04,1.01,False
2026-02-25 07:00:04,3644.86,490.78,3067.87,10.0,21.98,1.01,False
2026-02-25 08:00:03,3669.08,602.29,3068.87,24.22,111.51,1.01,False
2026-02-25 09:00:03,3708.13,969.0,3069.87,39.05,366.71,1.01,False
2026-02-25 10:00:03,3734.47,1042.79,3070.87,26.35,73.79,1.01,False
2026-02-25 11:00:04,3764.16,1204.75,3071.87,29.69,161.96,1.01,False
2026-02-25 12:00:03,3777.11,1416.37,3072.87,12.94,211.62,1.01,False
2026-02-25 13:00:04,3803.12,1443.43,3073.87,26.02,27.06,1.01,False
2026-02-25 14:00:03,3829.48,1452.39,3074.87,26.36,8.96,1.01,False
2026-02-25 15:00:04,3854.51,1618.18,3075.87,25.03,165.8,1.01,False
2026-02-25 16:00:04,4054.57,1680.71,3076.87,200.06,62.53,1.01,False
2026-02-25 17:00:03,,,,,,1.01,False
2026-02-25 18:00:04,15.46,2404.34,3078.87,15.46,2404.34,1.01,False
2026-02-25 19:00:03,79.7,2808.26,3079.87,64.24,403.93,1.01,False
2026-02-25 20:00:03,142.37,2902.19,3080.87,62.67,93.93,1.01,False
2026-02-25 21:00:03,190.63,3193.52,3081.87,48.26,291.33,1.01,False
2026-02-25 22:00:04,992.6,158.75,3082.87,801.97,1061.23,1.01,False
2026-02-25 23:00:03,1025.64,304.44,3083.87,33.04,145.69,1.01,False
2026-02-26 00:00:03,1226.74,333.35,3084.87,201.1,28.91,1.01,False
2026-02-26 01:00:03,1234.06,364.84,3085.87,7.32,31.49,1.01,False
2026-02-26 02:00:04,1240.7,420.56,3086.87,6.63,55.72,1.01,False
2026-02-26 03:00:04,1249.15,560.43,3087.87,8.46,139.87,1.01,False
2026-02-26 04:00:03,1254.7,655.35,3088.87,5.55,94.92,1.01,False
2026-02-26 05:00:04,1263.57,843.67,3089.87,8.87,188.32,1.01,False
2026-02-26 06:00:03,1268.97,860.33,3090.87,5.4,16.66,1.01,False
2026-02-26 07:00:04,1277.94,886.47,3091.87,8.97,26.13,1.01,False
2026-02-26 08:00:04,1285.86,906.55,3092.87,7.92,20.08,1.01,False
2026-02-26 09:00:03,1288.05,910.22,3093.87,2.19,3.67,1.01,False
2026-02-26 10:00:04,1290.02,912.89,3094.87,1.97,2.66,1.01,False
2026-02-26 11:00:03,1292.3,915.19,3095.87,2.28,2.3,1.01,False
2026-02-26 12:00:03,1294.5,924.64,3096.87,2.2,9.45,1.01,False
2026-02-26 13:00:03,1296.51,927.19,3097.87,2.01,2.55,1.01,False
2026-02-26 14:00:03,1298.42,929.06,3098.87,1.92,1.87,1.01,False
2026-02-26 15:00:04,1301.72,958.25,3099.87,3.3,29.19,1.01,False
2026-02-26 16:00:03,1304.0,961.66,3100.87,2.27,3.41,1.01,False
2026-02-26 17:00:03,1353.39,969.35,3101.87,49.39,7.69,1.01,False
2026-02-26 18:00:03,1386.68,1529.38,3102.87,33.3,560.03,1.01,False
2026-02-26 19:00:03,1460.07,1942.0,3103.87,73.39,412.62,1.01,False
2026-02-26 20:00:03,1517.24,2168.47,3104.87,57.17,226.46,1.01,False
2026-02-26 21:00:04,1545.02,2260.85,3105.87,27.78,92.38,1.01,False
2026-02-26 22:00:04,1601.23,2356.8,3106.87,56.22,95.95,1.01,False
2026-02-26 23:00:03,1636.49,2377.58,3107.87,35.25,20.78,1.01,False
2026-02-27 00:00:04,1740.04,2411.47,3108.87,103.55,33.89,1.01,False
2026-02-27 01:00:04,1747.98,2442.88,3109.87,7.94,31.41,1.01,False
2026-02-27 02:00:03,1754.85,2521.9,3110.87,6.87,79.02,1.01,False
2026-02-27 03:00:03,1764.86,2687.93,3111.87,10.01,166.03,1.01,False
2026-02-27 04:00:04,1775.92,2950.53,3112.87,11.06,262.6,1.01,False
2026-02-27 05:00:04,1780.46,2963.69,3113.87,4.55,13.16,1.01,False
2026-02-27 06:00:03,1790.1,3326.01,3114.87,9.64,362.32,1.01,False
2026-02-27 07:00:03,1801.26,3533.13,3115.87,11.16,207.12,1.01,False
2026-02-27 08:00:04,1843.04,3653.07,3116.87,41.78,119.94,1.01,False
2026-02-27 09:00:03,1889.59,3971.67,3117.87,46.55,318.6,1.01,False
2026-02-27 10:00:03,1897.49,4023.04,3118.87,7.91,51.37,1.01,False
2026-02-27 11:00:03,1899.88,4027.82,3119.87,2.39,4.78,1.01,False
2026-02-27 12:00:03,1920.05,4043.0,3120.87,20.17,15.18,1.01,False
2026-02-27 13:00:03,1928.65,4082.52,3121.87,8.59,39.52,1.01,False
2026-02-27 14:00:04,1933.72,4089.7,3122.87,5.08,7.18,1.01,False
2026-02-27 15:00:04,1939.53,20.33,3123.87,5.81,26.63,1.01,False
2026-02-27 16:00:04,1949.6,199.47,3124.87,10.07,179.15,1.01,False
2026-02-27 17:00:03,2003.01,1444.87,3125.87,53.42,1245.39,1.01,False
2026-02-27 18:00:03,2038.08,1975.31,3126.87,35.07,530.44,1.01,False
2026-02-27 19:00:03,2095.63,2419.5,3127.87,57.55,444.19,1.01,False
2026-02-27 20:00:03,,,,,,1.01,False
2026-02-27 21:00:03,2292.25,3748.97,3129.87,2292.25,3748.97,1.01,False
2026-02-27 22:00:03,2401.59,555.4,3130.87,109.34,902.44,1.01,False
2026-02-27 23:00:03,2714.34,934.71,3131.87,312.74,379.3,1.01,False
2026-02-28 00:00:03,2774.21,953.46,3132.87,59.87,18.76,1.01,False
2026-02-28 01:00:04,2780.38,961.77,3133.87,6.17,8.31,1.01,False
2026-02-28 02:00:04,2787.29,1045.45,3134.87,6.92,83.68,1.01,False
2026-02-28 03:00:03,2793.6,1057.85,3135.87,6.31,12.39,1.01,False
2026-02-28 04:00:03,2799.96,1122.75,3136.87,6.36,64.91,1.01,False
2026-02-28 05:00:04,2805.97,1148.79,3137.87,6.0,26.03,1.01,False
2026-02-28 06:00:03,2813.65,1280.1,3138.87,7.68,131.31,1.01,False
2026-02-28 07:00:04,2819.94,1290.7,3139.87,6.29,10.6,1.01,False
2026-02-28 08:00:03,2841.46,1756.7,3140.87,21.52,465.99,1.01,False
2026-02-28 09:00:04,2954.52,1927.38,3141.87,113.07,170.69,1.01,False
2026-02-28 10:00:03,2995.8,2624.61,3142.87,41.27,697.23,1.01,False
2026-02-28 11:00:03,3065.3,4027.27,3143.87,69.5,1402.65,1.01,False
2026-02-28 12:00:04,3144.65,637.84,3144.87,79.35,706.57,1.01,False
2026-02-28 13:00:03,3222.89,1355.72,3145.87,78.24,717.88,1.01,False
2026-02-28 14:00:03,3277.89,2294.74,3146.87,55.0,939.02,1.01,False
2026-02-28 15:00:04,3289.74,2350.03,3147.87,11.85,55.29,1.01,False
2026-02-28 16:00:03,3292.12,2352.66,3148.87,2.38,2.63,1.01,False
2026-02-28 17:00:04,3294.1,2355.24,3149.87,1.98,2.57,1.01,False
2026-02-28 18:00:03,3296.61,2358.87,3150.87,2.51,3.63,1.01,False
2026-02-28 19:00:04,3298.7,2362.83,3151.87,2.1,3.96,1.01,False
2026-02-28 20:00:04,3301.54,2366.66,3152.87,2.83,3.82,1.01,False
2026-02-28 21:00:03,3303.79,2368.99,3153.87,2.25,2.33,1.01,False
2026-02-28 22:00:03,3306.61,2372.91,3154.87,2.82,3.93,1.01,False
2026-02-28 23:00:04,3531.16,2425.09,3155.87,224.55,52.18,1.01,False
2026-03-01 00:00:04,3561.68,2433.14,3156.87,30.52,8.06,1.01,False
2026-03-01 01:00:03,3564.78,2438.05,3157.87,3.1,4.9,1.01,False
2026-03-01 02:00:03,,2442.56,3158.88,,4.52,1.01,False
2026-03-01 03:00:03,3573.18,2513.81,3159.87,3573.18,71.25,1.01,False
2026-03-01 04:00:03,3576.6,2542.82,3160.87,3.42,29.01,1.01,False
2026-03-01 05:00:03,3580.92,2617.34,3161.87,4.32,74.52,1.01,False
2026-03-01 06:00:03,3584.38,2635.39,3162.87,3.45,18.05,1.01,False
2026-03-01 07:00:04,3589.82,2653.2,3163.87,5.44,17.81,1.01,False
2026-03-01 08:00:04,3595.64,2672.88,3164.87,5.82,19.69,1.01,False
2026-03-01 09:00:03,3652.82,2809.4,3165.87,57.18,136.52,1.01,False
2026-03-01 10:00:04,3710.59,3181.73,3166.87,57.77,372.33,1.01,False
2026-03-01 11:00:03,3771.47,3950.41,3167.87,60.88,768.68,1.01,False
2026-03-01 12:00:03,3799.58,363.09,3168.87,28.11,508.68,1.01,False
2026-03-01 13:00:04,3826.1,899.98,3169.87,26.52,536.89,1.01,False
2026-03-01 14:00:04,3878.94,1186.22,3170.87,52.84,286.24,1.01,False
2026-03-01 15:00:03,3935.47,1508.02,3171.87,56.53,321.8,1.01,False
2026-03-01 16:00:03,3957.36,1871.15,3172.87,21.89,363.13,1.01,False
2026-03-01 17:00:03,3967.67,2102.93,3173.87,10.31,231.78,1.01,False
2026-03-01 18:00:03,3970.32,2105.85,3174.87,2.65,2.92,1.01,False
2026-03-01 19:00:03,3973.55,2112.21,3175.87,3.23,6.36,1.01,False
